id,question_fr,sql,difficulty,tables_used,tags,accept_for_training,reject_reasons,runtime_ok,runtime_error,runtime_timeout,execution_ms,result_row_count,result_col_count,result_hash_sha256
cand_000001,Quel est le taux de documents en erreur par année ?,"SELECT documents.document_year, COUNT(*) * 100.0 / (SELECT COUNT(*) FROM documents) AS error_rate_percent FROM documents JOIN states ON documents.state_id = states.state_id WHERE states.code = 'ERROR' GROUP BY documents.document_year;",medium,"[""documents"", ""states""]","[""financial_analysis"", ""error_rate"", ""time_series""]",True,[],True,,False,5,1,2,ef2ccae0d56a7cec31b67e9ef12b5d1e85706ff7ac2bf4f347f3e46c966a97b7
cand_000002,Quels sont les 5 communes avec le plus de documents en format scan ?,"SELECT city_name, COUNT(*) AS scan_count FROM documents WHERE format = 'scan' GROUP BY city_name ORDER BY scan_count DESC LIMIT 5;",easy,"[""documents""]","[""document_analysis"", ""format_distribution""]",True,[],True,,False,0,5,2,a9d4c780852b8b6910c5e38e5372238ab8985a818dfa247705556e7deec7475d
cand_000003,Quelle est la moyenne des pages par document pour les documents en 2024 ?,SELECT AVG(nb_pages) AS avg_pages FROM documents WHERE document_year = '2024';,easy,"[""documents""]","[""document_analysis"", ""statistical_summary""]",True,[],True,,False,0,1,1,f40d0b97a82980719222c739411de6ee2272732ab028f764cde85c52ff15a896
cand_000004,Quels sont les types de budget (BP/BA) les plus courants ?,"SELECT budget_type, COUNT(*) AS count FROM documents GROUP BY budget_type ORDER BY count DESC;",easy,"[""documents""]","[""budget_type"", ""distribution""]",True,[],True,,False,0,2,2,c5e35d83a00fa8459c3e41f9b5eeac4388d2784df26bfe9b0aec3d1571525048
cand_000005,Quel est le nombre de documents avec des avertissements mais sans erreurs ?,SELECT COUNT(*) AS warning_only_count FROM documents WHERE warning_message IS NOT NULL AND error_message IS NULL;,medium,"[""documents""]","[""document_quality"", ""error_analysis""]",True,[],True,,False,0,1,1,f01cc9117b025427fe4244b0dd9770b8014d915b27cd8904d96c78dfc1a77662
cand_000006,Quelle est la valeur moyenne du champ D001 par année ?,"SELECT documents.document_year, AVG(CAST(extraction_results.value AS REAL)) AS avg_d001 FROM extraction_results JOIN documents ON extraction_results.document_id = documents.document_id WHERE extraction_results.safir_field_id = 'D001' GROUP BY documents.document_year;",hard,"[""extraction_results"", ""documents""]","[""financial_metric"", ""time_series"", ""aggregation""]",True,[],True,,False,3,2,2,6bdfb00f0716f1c2e25bc9e4e9a999e7ba46787176cc3a45318c60abe594e662
cand_000007,Quels sont les documents avec des erreurs d'extraction dans les champs de dette ?,"SELECT documents.document_id, documents.city_name, extraction_results.safir_field_id, extraction_results.message_error FROM extraction_results JOIN documents ON extraction_results.document_id = documents.document_id WHERE extraction_results.safir_field_id LIKE 'DF%' AND extraction_results.message_error IS NOT NULL;",medium,"[""extraction_results"", ""documents""]","[""error_analysis"", ""financial_metric""]",True,[],True,,False,14,2604,4,36e91a009e27167b6764d44f867d35a29901877012e8be5b7b6b265f16091470
cand_000008,Quel est le pourcentage de documents avec succès par type de masque ?,"SELECT mask, COUNT(*) * 100.0 / (SELECT COUNT(*) FROM documents) AS success_rate_percent FROM documents JOIN states ON documents.state_id = states.state_id WHERE states.code = 'SUCCESS' GROUP BY mask;",medium,"[""documents"", ""states""]","[""document_analysis"", ""mask_distribution""]",True,[],True,,False,6,3,2,b9fc791e9612ccf89cda71cd065ad7c16d33b4f931df3ba89852162aba324008
cand_000009,Quelle est la commune avec le plus grand nombre de documents en 2023 ?,"SELECT city_name, COUNT(*) AS doc_count FROM documents WHERE document_year = '2023' GROUP BY city_name ORDER BY doc_count DESC LIMIT 1;",easy,"[""documents""]","[""document_analysis"", ""city_comparison""]",True,[],True,,False,0,1,2,abc81c5f437a1573946bff9063dd83f6fdf2f04a131eca74820f208b9690ca0b
cand_000010,Quels sont les documents avec des erreurs liées à la dette en 2024 ?,"SELECT documents.document_id, documents.city_name, extraction_results.message_error FROM extraction_results JOIN documents ON extraction_results.document_id = documents.document_id WHERE documents.document_year = '2024' AND extraction_results.safir_field_id LIKE 'DF%' AND extraction_results.message_error IS NOT NULL;",medium,"[""extraction_results"", ""documents""]","[""error_analysis"", ""financial_metric""]",True,[],True,,False,13,2232,3,c0f511493008a7d74c6fa61f420374c7b915ecabb4c61677ce59cd88f6a127e5
cand_000011,Quelle est la distribution des documents par année et par type de budget ?,"SELECT document_year, budget_type, COUNT(*) AS count FROM documents GROUP BY document_year, budget_type ORDER BY document_year, count DESC;",medium,"[""documents""]","[""budget_analysis"", ""time_series""]",True,[],True,,False,0,4,3,b451eef9b762d8daebcd3f69e2666ab9d54c3315dbf6897e6ef840217c739ae1
cand_000012,Quel est le nombre moyen de pages par document par année ?,"SELECT document_year, AVG(nb_pages) AS avg_pages FROM documents GROUP BY document_year;",easy,"[""documents""]","[""document_analysis"", ""statistical_summary""]",True,[],True,,False,0,2,2,b5127a7f7f7a6607ae9afe7df24d9fd6b9dfd968097c686fcbd0c324799e1bd7
cand_000013,Quels sont les documents avec des avertissements sur les sections annexes ?,"SELECT documents.document_id, documents.city_name, documents.warning_message FROM documents WHERE warning_message LIKE '%sections annexes%';",medium,"[""documents""]","[""document_analysis"", ""warning_analysis""]",True,[],True,,False,0,0,3,e3b0c44298fc1c149afbf4c8996fb92427ae41e4649b934ca495991b7852b855
cand_000014,Quel est le pourcentage de documents avec succès en 2024 par commune ?,"SELECT city_name, COUNT(*) * 100.0 / (SELECT COUNT(*) FROM documents WHERE document_year = '2024') AS success_rate_percent FROM documents JOIN states ON documents.state_id = states.state_id WHERE states.code = 'SUCCESS' AND documents.document_year = '2024' GROUP BY city_name;",hard,"[""documents"", ""states""]","[""city_comparison"", ""success_rate""]",True,[],True,,False,1,18,2,2285caff3aeed8dfc56c35a2ee8adecb4d3f08d6a06e63b1b3dff34f0955baeb
cand_000015,Quels sont les documents avec des erreurs dans les champs de recettes ?,"SELECT documents.document_id, documents.city_name, extraction_results.safir_field_id, extraction_results.message_error FROM extraction_results JOIN documents ON extraction_results.document_id = documents.document_id WHERE extraction_results.safir_field_id LIKE 'RI%' AND extraction_results.message_error IS NOT NULL;",medium,"[""extraction_results"", ""documents""]","[""error_analysis"", ""financial_metric""]",True,[],True,,False,13,2446,4,d4218fee016f2b2eaa8028ce59c0a489c3279efd883a44229dfde26dbd62cc26
cand_000016,Quelle est la valeur totale du champ D002 pour les documents en 2023 ?,SELECT SUM(CAST(value AS REAL)) AS total_d002 FROM extraction_results JOIN documents ON extraction_results.document_id = documents.document_id WHERE safir_field_id = 'D002' AND documents.document_year = '2023';,medium,"[""extraction_results"", ""documents""]","[""financial_metric"", ""aggregation""]",True,[],True,,False,3,1,1,519fe2402b1d1eece4a8dadeb91ebf425d426adcdb12fc31afa23507e9f97ad6
cand_000017,Quels sont les documents avec des avertissements mais pas d'erreurs en 2024 ?,"SELECT document_id, city_name, warning_message FROM documents WHERE document_year = '2024' AND warning_message IS NOT NULL AND error_message IS NULL;",medium,"[""documents""]","[""document_quality"", ""warning_analysis""]",True,[],True,,False,0,0,3,e3b0c44298fc1c149afbf4c8996fb92427ae41e4649b934ca495991b7852b855
cand_000018,Quel est le nombre de documents par type de masque et par année ?,"SELECT mask, document_year, COUNT(*) AS count FROM documents GROUP BY mask, document_year;",medium,"[""documents""]","[""document_analysis"", ""mask_distribution""]",True,[],True,,False,0,5,3,0d3df9cfe9bcda4fbc0e6ee67f3b832de567ba1515c97134b8cf4843b594fda4
cand_000019,Quelle est la commune avec le plus grand nombre de documents en erreur en 2023 ?,"SELECT city_name, COUNT(*) AS error_count FROM documents JOIN states ON documents.state_id = states.state_id WHERE states.code = 'ERROR' AND document_year = '2023' GROUP BY city_name ORDER BY error_count DESC LIMIT 1;",hard,"[""documents"", ""states""]","[""city_comparison"", ""error_analysis""]",True,[],True,,False,0,0,2,e3b0c44298fc1c149afbf4c8996fb92427ae41e4649b934ca495991b7852b855
cand_000020,Quels sont les documents avec des erreurs dans les champs de dépenses en 2024 ?,"SELECT documents.document_id, documents.city_name, extraction_results.safir_field_id, extraction_results.message_error FROM extraction_results JOIN documents ON extraction_results.document_id = documents.document_id WHERE extraction_results.safir_field_id LIKE 'DF%' AND extraction_results.message_error IS NOT NULL AND documents.document_year = '2024';",medium,"[""extraction_results"", ""documents""]","[""error_analysis"", ""financial_metric""]",True,[],True,,False,13,2232,4,1d199cecf79b12e6d71e971dfd8dd1055122777d8b8ba84ba80d463a6c7e944a
cand_000021,Quelle est la moyenne du nombre de pages par document pour les documents en 2023 ?,SELECT AVG(nb_pages) FROM documents WHERE document_year = '2023';,easy,"[""documents""]","[""financial_analysis"", ""document_stats""]",True,[],True,,False,0,1,1,4a6d2b1da7e5297b4872a2c3491fbd6b514f48cd9bdb9f71c1802885642441e9
cand_000022,Quels sont les 5 communes avec le plus de documents en format scan en 2024 ?,"SELECT city_name, COUNT(*) AS count FROM documents WHERE format = 'scan' AND document_year = '2024' GROUP BY city_name ORDER BY count DESC LIMIT 5;",medium,"[""documents""]","[""document_analysis"", ""format_distribution""]",True,[],True,,False,0,5,2,b0575b084b785d82b9aee49d05c0b15d470f86441b8b4b72d63d0f2e58bbdf31
cand_000023,Quel est le pourcentage de documents avec succès en 2023 par commune ?,"SELECT city_name, (COUNT(CASE WHEN state_id IN (SELECT state_id FROM states WHERE code = 'SUCCESS') THEN 1 END) * 100.0 / COUNT(*)) AS success_rate FROM documents WHERE document_year = '2023' GROUP BY city_name;",medium,"[""documents"", ""states""]","[""success_rate"", ""commune_analysis""]",True,[],True,,False,12,6,2,fefa897130c6f2588c777e411bcf5e3b2a42fe3e8fc7f0c9cadaacf35a3edd6f
cand_000024,Quelle est la valeur totale du champ D001 pour les documents en 2023 ?,SELECT SUM(CAST(value AS REAL)) AS total_D001 FROM extraction_results JOIN documents ON extraction_results.document_id = documents.document_id WHERE safir_field_id = 'D001' AND documents.document_year = '2023';,medium,"[""extraction_results"", ""documents""]","[""financial_aggregation"", ""field_analysis""]",True,[],True,,False,3,1,1,52667a7a891300ed684f58519513f055b926e050ec59e2eed63e41571e15ed5b
cand_000025,Quel est le nombre de documents avec des avertissements mais pas d'erreurs en 2024 ?,SELECT COUNT(*) FROM documents WHERE document_year = '2024' AND warning_message IS NOT NULL AND error_message IS NULL;,easy,"[""documents""]","[""warning_analysis"", ""document_stats""]",True,[],True,,False,0,1,1,52667a7a891300ed684f58519513f055b926e050ec59e2eed63e41571e15ed5b
cand_000026,Quels sont les types de budget (BP/BA) les plus courants en 2023 ?,"SELECT budget_type, COUNT(*) AS count FROM documents WHERE document_year = '2023' GROUP BY budget_type ORDER BY count DESC;",easy,"[""documents""]","[""budget_type"", ""document_stats""]",True,[],True,,False,0,2,2,c8fd5fa046b5e15b20c88a9f211ea3414dde9ee4581e7f8d9a47ccfcc6d00bf7
cand_000027,Quels sont les documents avec des erreurs d'extraction dans les champs de recettes ?,"SELECT documents.document_id, documents.city_name FROM documents JOIN extraction_results ON documents.document_id = extraction_results.document_id WHERE extraction_results.message_error LIKE '%recettes%';",medium,"[""documents"", ""extraction_results""]","[""error_analysis"", ""revenue_fields""]",True,[],True,,False,6,584,2,441496d098578c2c912b17595f52d53ec709a091d478d25bc320ede7ac5be0dc
cand_000028,Quel est le top 5 des communes avec le plus de documents en 2023 ?,"SELECT city_name, COUNT(*) AS count FROM documents WHERE document_year = '2023' GROUP BY city_name ORDER BY count DESC LIMIT 5;",easy,"[""documents""]","[""commune_analysis"", ""document_stats""]",True,[],True,,False,0,5,2,9b039283e77f760a82dd44ec613bae01d426576eb3e13c83e9f940307e6ab68c
cand_000029,Quelle est la moyenne du nombre de pages par document pour les documents en 2024 ?,SELECT AVG(nb_pages) FROM documents WHERE document_year = '2024',easy,"[""documents""]","[""financial_analysis"", ""document_stats""]",True,[],True,,False,0,1,1,52667a7a891300ed684f58519513f055b926e050ec59e2eed63e41571e15ed5b
cand_000030,Quel est le nombre total de documents en 2023 ?,SELECT COUNT(*) FROM documents WHERE document_year = '2023',easy,"[""documents""]","[""document_stats"", ""yearly_analysis""]",True,[],True,,False,0,1,1,52667a7a891300ed684f58519513f055b926e050ec59e2eed63e41571e15ed5b
cand_000031,Quels sont les 5 types de masque les plus courants ?,"SELECT mask, COUNT(*) AS count FROM documents GROUP BY mask ORDER BY count DESC LIMIT 5",easy,"[""documents""]","[""document_stats"", ""mask_analysis""]",True,[],True,,False,0,3,2,fb1687b93921f78d3f10c7a9174b69f45d47da7a74768f4cea288139d027c14f
cand_000032,Quel est le nombre de documents avec succès en 2024 par commune ?,"SELECT d.city_name, COUNT(*) AS success_count FROM documents d JOIN states s ON d.state_id = s.state_id WHERE s.code = 'SUCCESS' AND d.document_year = '2024' GROUP BY d.city_name",medium,"[""documents"", ""states""]","[""budget_comparison"", ""success_rate""]",True,[],True,,False,1,18,2,d3bd036eb087b01c0a50cbe8845937ca911ace279d1fdc4a10d918dd24920bb6
cand_000033,Quelle est la distribution des documents par année et par type de budget (BP/BA) ?,"SELECT document_year, budget_type, COUNT(*) AS count FROM documents GROUP BY document_year, budget_type",medium,"[""documents""]","[""budget_structure"", ""yearly_analysis""]",True,[],True,,False,0,4,3,7fa8f26ba047c292207b1124ec5b01f83ad5cecd0276cafa90b9013014d1a94a
cand_000034,Quels sont les documents avec des avertissements mais pas d'erreurs en 2023 ?,SELECT * FROM documents WHERE document_year = '2023' AND warning_message IS NOT NULL AND error_message IS NULL,medium,"[""documents""]","[""error_analysis"", ""document_quality""]",True,[],True,,False,0,0,13,e3b0c44298fc1c149afbf4c8996fb92427ae41e4649b934ca495991b7852b855
cand_000035,"Quel est le total des valeurs du champ D001 pour les documents en 2024, en excluant les documents avec erreurs ?",SELECT SUM(CAST(value AS REAL)) AS total_D001 FROM extraction_results er JOIN documents d ON er.document_id = d.document_id WHERE er.safir_field_id = 'D001' AND d.document_year = '2024' AND d.state_id IN (SELECT state_id FROM states WHERE code = 'SUCCESS'),hard,"[""extraction_results"", ""documents"", ""states""]","[""financial_aggregates"", ""error_filtering""]",True,[],True,,False,18,1,1,52667a7a891300ed684f58519513f055b926e050ec59e2eed63e41571e15ed5b
cand_000036,Quels sont les documents où l'extraction du champ DF011 a échoué en 2023 ?,SELECT d.document_id FROM extraction_results er JOIN documents d ON er.document_id = d.document_id WHERE er.safir_field_id = 'DF011' AND d.document_year = '2023' AND er.message_error IS NOT NULL,hard,"[""extraction_results"", ""documents""]","[""error_analysis"", ""field_validation""]",True,[],True,,False,3,16,1,5c97806147dee3ea61a417b6f52fa750b21b4d5d4e44b7dbcfb292ea59191656
cand_000037,Quelle est la moyenne du nombre de pages par document pour les documents en format scan en 2024 ?,SELECT AVG(nb_pages) FROM documents WHERE format = 'scan' AND document_year = '2024',easy,"[""documents""]","[""document_stats"", ""format_analysis""]",True,[],True,,False,0,1,1,52667a7a891300ed684f58519513f055b926e050ec59e2eed63e41571e15ed5b
cand_000038,Quel est le nombre moyen de pages par document pour les documents en 2023 ?,SELECT AVG(nb_pages) FROM documents WHERE document_year = '2023',easy,"[""documents""]","[""document_stats"", ""yearly_analysis""]",True,[],True,,False,0,1,1,52667a7a891300ed684f58519513f055b926e050ec59e2eed63e41571e15ed5b
cand_000039,Quels sont les documents avec des erreurs dans les champs de recettes en 2024 ?,SELECT * FROM extraction_results er JOIN documents d ON er.document_id = d.document_id WHERE er.message_error LIKE '%recettes%' AND d.document_year = '2024',medium,"[""extraction_results"", ""documents""]","[""error_analysis"", ""revenue_fields""]",True,[],True,,False,11,540,22,36abf7d42190472e955f0edf46e35794391d54b49aba9535267b5401f6056e39
cand_000040,Quel est le nombre de documents avec des erreurs d'extraction dans les champs de dépenses en 2024 ?,SELECT COUNT(*) FROM extraction_results er JOIN documents d ON er.document_id = d.document_id WHERE er.message_error LIKE '%dépenses%' AND d.document_year = '2024',hard,"[""extraction_results"", ""documents""]","[""error_analysis"", ""expense_fields""]",True,[],True,,False,6,1,1,52667a7a891300ed684f58519513f055b926e050ec59e2eed63e41571e15ed5b
cand_000041,Quel est le nombre total de documents en 2024 ?,SELECT COUNT(*) FROM documents WHERE document_year = '2024';,easy,"[""documents""]","[""document_stats"", ""year_filter""]",True,[],True,,False,0,1,1,52667a7a891300ed684f58519513f055b926e050ec59e2eed63e41571e15ed5b
cand_000042,Quels sont les documents avec des erreurs d'extraction dans les champs de recettes en 2024 ?,"SELECT d.document_id, d.city_name, e.safir_field_id, e.value FROM documents d JOIN extraction_results e ON d.document_id = e.document_id WHERE d.document_year = '2024' AND e.safir_field_id LIKE 'R%' AND e.message_error IS NOT NULL;",medium,"[""documents"", ""extraction_results""]","[""error_analysis"", ""field_filter"", ""year_filter""]",True,[],True,,False,23,5300,4,4ae06e78407e2f58333f7a29034cfb628246606b07c0234394290109ec8b331c
cand_000043,"Quel est le taux de documents avec succès en 2024, par commune, trié par nombre de documents décroissant ?","SELECT d.city_name, COUNT(*) AS total_documents, SUM(CASE WHEN s.code = 'SUCCESS' THEN 1 ELSE 0 END) AS success_count, ROUND((SUM(CASE WHEN s.code = 'SUCCESS' THEN 1 ELSE 0 END) * 100.0 / COUNT(*)), 2) AS success_rate FROM documents d JOIN states s ON d.state_id = s.state_id WHERE d.document_year = '2024' GROUP BY d.city_name ORDER BY total_documents DESC;",hard,"[""documents"", ""states""]","[""success_rate"", ""group_by"", ""join""]",True,[],True,,False,1,18,4,2866ffb10bbef64c864e153739fe87ec8245f0dce2180cd09bae7ff68f3ba8d1
cand_000044,Quels sont les 5 types de masque les plus courants en 2024 ?,"SELECT mask, COUNT(*) AS count FROM documents WHERE document_year = '2024' GROUP BY mask ORDER BY count DESC LIMIT 5;",easy,"[""documents""]","[""mask_distribution"", ""group_by""]",True,[],True,,False,0,2,2,359aac85fb11b3b8197ebbec0c55f9fcaa4065a892f9db5d13185b150ae0c5ef
cand_000045,Quel est le nombre de documents avec des erreurs liées à la dette en 2024 ?,SELECT COUNT(*) FROM documents d JOIN extraction_results e ON d.document_id = e.document_id WHERE d.document_year = '2024' AND e.safir_field_id LIKE 'D%' AND e.message_error IS NOT NULL;,medium,"[""documents"", ""extraction_results""]","[""error_analysis"", ""field_filter"", ""year_filter""]",True,[],True,,False,5,1,1,52667a7a891300ed684f58519513f055b926e050ec59e2eed63e41571e15ed5b
cand_000046,"Quelle est la valeur totale du champ D001 pour les documents en 2024, en excluant les documents avec erreurs ?",SELECT SUM(CAST(value AS REAL)) AS total_D001 FROM extraction_results e JOIN documents d ON e.document_id = d.document_id WHERE d.document_year = '2024' AND e.safir_field_id = 'D001' AND e.message_error IS NULL;,hard,"[""documents"", ""extraction_results""]","[""value_aggregation"", ""field_filter"", ""error_filter""]",True,[],True,,False,3,1,1,52667a7a891300ed684f58519513f055b926e050ec59e2eed63e41571e15ed5b
cand_000047,Quel est le pourcentage de documents avec succès en 2024 par type de masque ?,"SELECT mask, ROUND((COUNT(CASE WHEN s.code = 'SUCCESS' THEN 1 END) * 100.0 / COUNT(*)), 2) AS success_rate FROM documents d JOIN states s ON d.state_id = s.state_id WHERE d.document_year = '2024' GROUP BY mask;",hard,"[""documents"", ""states""]","[""success_rate"", ""mask_filter"", ""join""]",True,[],True,,False,1,2,2,f196d132f45b4c31813458088998c8d9fc75d59a8418df047348b7dd2e1c9dec
cand_000048,Quels sont les documents avec des avertissements sur les sections annexes en 2024 ?,"SELECT document_id, warning_message FROM documents WHERE document_year = '2024' AND warning_message LIKE '%annexes%';",medium,"[""documents""]","[""warning_analysis"", ""text_filter"", ""year_filter""]",True,[],True,,False,0,37,2,932449e16c85ccee6bd6ec21427f6b82356b3138c39999948af7f91f5adcc52f
cand_000049,Quel est le nombre moyen de pages par document pour les documents en format scan en 2024 ?,SELECT AVG(nb_pages) FROM documents WHERE document_year = '2024' AND format = 'scan';,medium,"[""documents""]","[""avg_calculation"", ""format_filter"", ""year_filter""]",True,[],True,,False,0,1,1,52667a7a891300ed684f58519513f055b926e050ec59e2eed63e41571e15ed5b
cand_000050,Quels sont les documents avec des erreurs d'extraction dans les champs de recettes en 2023 ?,"SELECT d.document_id, d.city_name, e.safir_field_id, e.value FROM documents d JOIN extraction_results e ON d.document_id = e.document_id WHERE d.document_year = '2023' AND e.safir_field_id LIKE 'R%' AND e.message_error IS NOT NULL;",medium,"[""documents"", ""extraction_results""]","[""error_analysis"", ""field_filter"", ""year_filter""]",True,[],True,,False,4,898,4,c07c8a836c9003a6c83b5fa5b2eda047a8cf2c23fffc1da8477d1d1d680892a1
cand_000051,Quel est le nombre de documents avec des avertissements mais pas d'erreurs en 2023 ?,SELECT COUNT(*) FROM documents WHERE document_year = '2023' AND warning_message IS NOT NULL AND error_message IS NULL;,medium,"[""documents""]","[""warning_analysis"", ""filter_combination"", ""year_filter""]",True,[],True,,False,0,1,1,52667a7a891300ed684f58519513f055b926e050ec59e2eed63e41571e15ed5b
cand_000052,Quel est le nombre de documents avec succès en 2024 par type de budget (BP/BA) ?,"SELECT budget_type, COUNT(*) AS success_count FROM documents d JOIN states s ON d.state_id = s.state_id WHERE d.document_year = '2024' AND s.code = 'SUCCESS' GROUP BY budget_type;",medium,"[""documents"", ""states""]","[""success_count"", ""budget_type"", ""join""]",True,[],True,,False,0,2,2,efc8b8e2215c17b591631f2acb342eeb1200bf193d1e9478b69068dbc1530c98
cand_000053,Quelle est la commune avec le plus grand nombre de documents en 2024 ?,"SELECT city_name, COUNT(*) AS nb_docs FROM documents WHERE document_year = '2024' GROUP BY city_name ORDER BY nb_docs DESC LIMIT 1",easy,"[""documents""]","[""city_analysis"", ""top_entity""]",True,[],True,,False,0,1,2,52667a7a891300ed684f58519513f055b926e050ec59e2eed63e41571e15ed5b
cand_000054,Quels sont les 5 types de masque les plus courants en 2023 ?,"SELECT mask, COUNT(*) AS count FROM documents WHERE document_year = '2023' GROUP BY mask ORDER BY count DESC LIMIT 5",easy,"[""documents""]","[""mask_distribution"", ""year_filter""]",True,[],True,,False,0,3,2,8ea20ca2037e3a0a78af1486f399f21b41fbe30a03c85565f32d49ced5af1ee7
cand_000055,"Quel est le nombre de documents avec succès en 2024 par commune, trié par nombre de documents décroissant ?","SELECT city_name, COUNT(*) AS success_count FROM documents WHERE document_year = '2024' AND state_id IN (SELECT state_id FROM states WHERE code = 'SUCCESS') GROUP BY city_name ORDER BY success_count DESC",medium,"[""documents"", ""states""]","[""success_rate"", ""city_analysis""]",True,[],True,,False,13,18,2,99b7c898ada730127079a6d5620f5a4d1b779fd5fa47e30090a1327c0c60c151
cand_000056,"Quelle est la valeur totale du champ D002 pour les documents en 2023, en excluant les documents avec erreurs ?",SELECT SUM(CAST(value AS REAL)) AS total_D002 FROM extraction_results JOIN documents ON extraction_results.document_id = documents.document_id WHERE documents.document_year = '2023' AND documents.state_id IN (SELECT state_id FROM states WHERE code = 'SUCCESS') AND safir_field_id = 'D002',medium,"[""extraction_results"", ""documents"", ""states""]","[""financial_aggregation"", ""error_exclusion""]",True,[],True,,False,14,1,1,52667a7a891300ed684f58519513f055b926e050ec59e2eed63e41571e15ed5b
cand_000057,Quel est le pourcentage de documents avec succès en 2023 par type de masque ?,"SELECT mask, COUNT(*) * 100.0 / (SELECT COUNT(*) FROM documents WHERE document_year = '2023') AS success_rate FROM documents WHERE document_year = '2023' AND state_id IN (SELECT state_id FROM states WHERE code = 'SUCCESS') GROUP BY mask",medium,"[""documents"", ""states""]","[""success_rate"", ""mask_filter""]",True,[],True,,False,13,3,2,a3081bda163db4bb7e6bdac534dbb1a2b9820af748df83a1fcb4c5fecb7da188
cand_000058,Quel est le pourcentage de documents avec succès en 2024 ?,SELECT (COUNT(CASE WHEN s.code = 'SUCCESS' THEN 1 END) * 100.0 / COUNT(*)) AS success_rate FROM documents d JOIN states s ON d.state_id = s.state_id WHERE d.document_year = '2024';,medium,"[""documents"", ""states""]","[""percentage"", ""state_filter"", ""year_filter""]",True,[],True,,False,0,1,1,52667a7a891300ed684f58519513f055b926e050ec59e2eed63e41571e15ed5b
cand_000059,Quels sont les 5 communes avec le plus de documents en 2024 ?,"SELECT city_name, COUNT(*) AS document_count FROM documents WHERE document_year = '2024' GROUP BY city_name ORDER BY document_count DESC LIMIT 5;",medium,"[""documents""]","[""top_n"", ""group_by"", ""year_filter""]",True,[],True,,False,0,5,2,4dc230d1a357d66c0c1bab52156228df90a43306354ca64f06be1d6a4ceea918
cand_000060,Quel est le nombre moyen de pages par document en 2023 ?,SELECT AVG(nb_pages) AS avg_pages FROM documents WHERE document_year = '2023';,easy,"[""documents""]","[""average"", ""year_filter""]",True,[],True,,False,0,1,1,52667a7a891300ed684f58519513f055b926e050ec59e2eed63e41571e15ed5b
cand_000061,Quelle est la distribution des types de budget (BP/BA) en 2023 ?,"SELECT budget_type, COUNT(*) AS count FROM documents WHERE document_year = '2023' GROUP BY budget_type;",easy,"[""documents""]","[""group_by"", ""year_filter""]",True,[],True,,False,0,2,2,8d33aa2b7d0c94c5e0f92205a181d38215edeb197d05809108760fb475db7151
cand_000062,Quel est le taux de documents en erreur par commune en 2024 ?,"SELECT city_name, (COUNT(CASE WHEN s.code = 'ERROR' THEN 1 END) * 100.0 / COUNT(*)) AS error_rate FROM documents d JOIN states s ON d.state_id = s.state_id WHERE d.document_year = '2024' GROUP BY city_name;",hard,"[""documents"", ""states""]","[""percentage"", ""group_by"", ""state_filter"", ""year_filter""]",True,[],True,,False,0,18,2,77e0fadfceac4b65dace4af70af25dc9dab15ca2c849d8eeefcfb58202415677
cand_000063,"Quelle est la valeur totale du champ D001 pour les documents en 2023, en excluant les documents avec erreurs ?",SELECT SUM(CAST(value AS REAL)) AS total_D001 FROM extraction_results er JOIN documents d ON er.document_id = d.document_id WHERE er.safir_field_id = 'D001' AND d.document_year = '2023' AND d.state_id NOT IN (SELECT state_id FROM states WHERE code = 'ERROR');,hard,"[""extraction_results"", ""documents"", ""states""]","[""sum"", ""field_filter"", ""year_filter"", ""state_filter""]",True,[],True,,False,10,1,1,52667a7a891300ed684f58519513f055b926e050ec59e2eed63e41571e15ed5b
cand_000064,Quel est le nombre de documents avec des erreurs dans les champs de recettes en 2024 ?,SELECT COUNT(*) FROM extraction_results er JOIN documents d ON er.document_id = d.document_id WHERE er.safir_field_id LIKE 'R%' AND er.message_error IS NOT NULL AND d.document_year = '2024';,medium,"[""extraction_results"", ""documents""]","[""count"", ""field_pattern"", ""error_filter"", ""year_filter""]",True,[],True,,False,5,1,1,52667a7a891300ed684f58519513f055b926e050ec59e2eed63e41571e15ed5b
cand_000065,Quels sont les documents avec des erreurs d'extraction dans les champs de dépenses en 2024 ?,"SELECT d.document_id, d.city_name FROM documents d JOIN extraction_results er ON d.document_id = er.document_id WHERE er.safir_field_id LIKE 'D%' AND er.message_error IS NOT NULL AND d.document_year = '2024';",medium,"[""documents"", ""extraction_results""]","[""error_filter"", ""field_pattern"", ""year_filter""]",True,[],True,,False,21,4995,2,0f4a9c37b194c86dc64a506d24fba310b80a4585b38bb32ce484b2ed12e9138a
cand_000066,Quels sont les documents avec des erreurs liées à la dette en 2024 et un nombre de pages supérieur à 100 ?,"SELECT d.document_id, d.city_name, d.nb_pages FROM documents d WHERE d.document_year = '2024' AND d.error_message LIKE '%dette%' AND d.nb_pages > 100;",medium,"[""documents""]","[""text_search"", ""numeric_filter"", ""year_filter"", ""error_filter""]",True,[],True,,False,0,0,3,e3b0c44298fc1c149afbf4c8996fb92427ae41e4649b934ca495991b7852b855
cand_000067,"Quels sont les documents avec des avertissements mais pas d'erreurs en 2023, triés par nombre de pages décroissant ?","SELECT d.document_id, d.city_name, d.nb_pages FROM documents d WHERE d.document_year = '2023' AND d.warning_message IS NOT NULL AND d.error_message IS NULL ORDER BY d.nb_pages DESC;",medium,"[""documents""]","[""filter_combination"", ""year_filter"", ""sort""]",True,[],True,,False,0,0,3,e3b0c44298fc1c149afbf4c8996fb92427ae41e4649b934ca495991b7852b855
cand_000068,Quel est le nombre total de documents en 2023 avec un état de succès ?,SELECT COUNT(*) FROM documents d JOIN states s ON d.state_id = s.state_id WHERE s.code = 'SUCCESS' AND d.document_year = '2023',easy,"[""documents"", ""states""]","[""financial_analysis"", ""document_stats""]",True,[],True,,False,0,1,1,52667a7a891300ed684f58519513f055b926e050ec59e2eed63e41571e15ed5b
cand_000069,Quelle est la commune avec le plus de documents en 2024 ayant un état de succès ?,"SELECT d.city_name, COUNT(*) AS count FROM documents d JOIN states s ON d.state_id = s.state_id WHERE s.code = 'SUCCESS' AND d.document_year = '2024' GROUP BY d.city_name ORDER BY count DESC LIMIT 1",medium,"[""documents"", ""states""]","[""financial_analysis"", ""commune_stats""]",True,[],True,,False,0,1,2,52667a7a891300ed684f58519513f055b926e050ec59e2eed63e41571e15ed5b
cand_000070,"Quelle est la répartition des formats de documents (pdf, scan, image) en 2023 ?","SELECT format, COUNT(*) FROM documents WHERE document_year = '2023' GROUP BY format",easy,"[""documents""]","[""document_stats"", ""format_analysis""]",True,[],True,,False,0,1,2,52667a7a891300ed684f58519513f055b926e050ec59e2eed63e41571e15ed5b
cand_000071,Quels sont les documents en 2023 avec des erreurs dans les champs de recettes ?,"SELECT d.document_id FROM documents d JOIN extraction_results r ON d.document_id = r.document_id WHERE r.safir_field_id IN ('Conso', 'D001') AND r.message_error IS NOT NULL AND d.document_year = '2023'",medium,"[""documents"", ""extraction_results""]","[""error_analysis"", ""financial_data""]",True,[],True,,False,1,32,1,1ba614731a7211282d8ca8f5ffc6b87df09c256236acd95b78cd004497947c91
cand_000072,"Quelle est la valeur totale du champ D002 pour les documents en 2024, en excluant les documents avec erreurs ?",SELECT SUM(CAST(value AS REAL)) FROM extraction_results r JOIN documents d ON r.document_id = d.document_id WHERE r.safir_field_id = 'D002' AND d.document_year = '2024' AND r.message_error IS NULL,medium,"[""extraction_results"", ""documents""]","[""financial_data"", ""aggregation""]",True,[],True,,False,2,1,1,52667a7a891300ed684f58519513f055b926e050ec59e2eed63e41571e15ed5b
cand_000073,Quels sont les documents en 2023 avec des avertissements mais pas d'erreurs ?,SELECT d.document_id FROM documents d JOIN extraction_results r ON d.document_id = r.document_id WHERE r.message_warning IS NOT NULL AND r.message_error IS NULL AND d.document_year = '2023',medium,"[""documents"", ""extraction_results""]","[""error_analysis"", ""warning_analysis""]",True,[],True,,False,1,0,1,e3b0c44298fc1c149afbf4c8996fb92427ae41e4649b934ca495991b7852b855
cand_000074,Quel est le nombre de documents avec des erreurs liées à la dette en 2024 et un nombre de pages supérieur à 100 ?,SELECT COUNT(*) FROM documents d WHERE d.document_year = '2024' AND d.nb_pages > 100 AND d.error_message LIKE '%dette%',medium,"[""documents""]","[""error_analysis"", ""document_stats""]",True,[],True,,False,0,1,1,52667a7a891300ed684f58519513f055b926e050ec59e2eed63e41571e15ed5b
cand_000075,"Quelle est la valeur totale du champ DF011 pour les documents en 2023, en excluant les documents avec erreurs ?",SELECT SUM(CAST(value AS REAL)) FROM extraction_results r JOIN documents d ON r.document_id = d.document_id WHERE r.safir_field_id = 'DF011' AND d.document_year = '2023' AND r.message_error IS NULL,medium,"[""extraction_results"", ""documents""]","[""financial_data"", ""aggregation""]",True,[],True,,False,2,1,1,52667a7a891300ed684f58519513f055b926e050ec59e2eed63e41571e15ed5b
cand_000076,Quels sont les documents en 2024 avec des erreurs d'extraction dans les champs de dépenses ?,"SELECT d.document_id FROM documents d JOIN extraction_results r ON d.document_id = r.document_id WHERE r.safir_field_id IN ('D001', 'D002') AND r.message_error IS NOT NULL AND d.document_year = '2024'",medium,"[""documents"", ""extraction_results""]","[""error_analysis"", ""financial_data""]",True,[],True,,False,6,186,1,62e8de3b3863eefa01d45f50e64734f265ce80ebbdcaf6f2a7d6682bc459d4b0
cand_000077,Quel est le nombre total de documents en 2024 avec un état de succès et un budget type BP ?,SELECT COUNT(*) FROM documents d JOIN states s ON d.state_id = s.state_id WHERE s.code = 'SUCCESS' AND d.budget_type = 'BP' AND d.document_year = '2024',medium,"[""documents"", ""states""]","[""financial_analysis"", ""budget_type""]",True,[],True,,False,1,1,1,52667a7a891300ed684f58519513f055b926e050ec59e2eed63e41571e15ed5b
cand_000078,Quelle est la moyenne du nombre de pages par document pour les documents en 2024 avec un état de succès ?,SELECT AVG(nb_pages) FROM documents WHERE state_id IN (SELECT state_id FROM states WHERE code = 'SUCCESS') AND document_year = '2024',medium,"[""documents"", ""states""]","[""document_stats"", ""financial_analysis""]",True,[],True,,False,13,1,1,52667a7a891300ed684f58519513f055b926e050ec59e2eed63e41571e15ed5b
cand_000079,Quels sont les documents en 2023 avec des avertissements sur les sections annexes ?,SELECT d.document_id FROM documents d JOIN extraction_results r ON d.document_id = r.document_id WHERE r.message_warning LIKE '%annexes%' AND d.document_year = '2023',medium,"[""documents"", ""extraction_results""]","[""warning_analysis"", ""financial_data""]",True,[],True,,False,1,0,1,e3b0c44298fc1c149afbf4c8996fb92427ae41e4649b934ca495991b7852b855
cand_000080,"Quel est le nombre de documents avec des erreurs liées à la dette en 2024, regroupé par commune ?","SELECT d.city_name, COUNT(*) FROM documents d WHERE d.document_year = '2024' AND d.error_message LIKE '%dette%' GROUP BY d.city_name",medium,"[""documents""]","[""error_analysis"", ""commune_stats""]",True,[],True,,False,0,0,2,e3b0c44298fc1c149afbf4c8996fb92427ae41e4649b934ca495991b7852b855
cand_000081,Quels sont les documents en 2024 avec des erreurs d'extraction dans les champs de recettes et un nombre de pages supérieur à 200 ?,"SELECT d.document_id FROM documents d JOIN extraction_results r ON d.document_id = r.document_id WHERE r.safir_field_id IN ('Conso', 'D001') AND r.message_error IS NOT NULL AND d.nb_pages > 200 AND d.document_year = '2024'",hard,"[""documents"", ""extraction_results""]","[""error_analysis"", ""financial_data""]",True,[],True,,False,3,96,1,b53f743f3c5e3e6ca49fbc80ec64e67fdeffb632e5bd482f1dfe6bfc7fc1afb5
cand_000082,"Quel est le total des valeurs du champ D001 pour les documents en 2024, en excluant les documents avec erreurs, regroupé par commune ?","SELECT d.city_name, SUM(CAST(r.value AS REAL)) FROM documents d JOIN extraction_results r ON d.document_id = r.document_id WHERE r.safir_field_id = 'D001' AND d.document_year = '2024' AND r.message_error IS NULL GROUP BY d.city_name",hard,"[""documents"", ""extraction_results""]","[""financial_data"", ""commune_stats""]",True,[],True,,False,3,0,2,e3b0c44298fc1c149afbf4c8996fb92427ae41e4649b934ca495991b7852b855
cand_000083,"Quels sont les documents en 2023 avec des avertissements mais pas d'erreurs, triés par nombre de pages décroissant ?","SELECT d.document_id, d.nb_pages FROM documents d JOIN extraction_results r ON d.document_id = r.document_id WHERE r.message_warning IS NOT NULL AND r.message_error IS NULL AND d.document_year = '2023' ORDER BY d.nb_pages DESC",hard,"[""documents"", ""extraction_results""]","[""warning_analysis"", ""document_stats""]",True,[],True,,False,3,0,2,e3b0c44298fc1c149afbf4c8996fb92427ae41e4649b934ca495991b7852b855
cand_000084,Quel est le nombre total de documents en 2024 avec un état de succès ?,SELECT COUNT(*) FROM documents WHERE document_year = '2024' AND state_id IN (SELECT state_id FROM states WHERE code = 'SUCCESS'),easy,"[""documents"", ""states""]","[""financial_analysis"", ""document_status""]",True,[],True,,False,13,1,1,52667a7a891300ed684f58519513f055b926e050ec59e2eed63e41571e15ed5b
cand_000085,Quelle est la moyenne du nombre de pages par document pour les documents en format scan en 2023 ?,SELECT AVG(nb_pages) FROM documents WHERE format = 'scan' AND document_year = '2023',easy,"[""documents""]","[""document_metrics"", ""format_analysis""]",True,[],True,,False,0,1,1,52667a7a891300ed684f58519513f055b926e050ec59e2eed63e41571e15ed5b
cand_000086,Quel est le pourcentage de documents avec succès en 2024 par type de budget (BP/BA) ?,"SELECT budget_type, (COUNT(*) * 100.0 / (SELECT COUNT(*) FROM documents WHERE document_year = '2024')) AS percentage FROM documents WHERE document_year = '2024' GROUP BY budget_type",medium,"[""documents""]","[""budget_type"", ""success_rate""]",True,[],True,,False,0,2,2,d5743239d922e79ed075189b3c4959addcb6c840cd752b1ad5757167b3cb4810
cand_000087,"Quel est le total des valeurs du champ D002 pour les documents en 2023, en excluant les documents avec erreurs ?",SELECT SUM(CAST(value AS REAL)) FROM extraction_results WHERE safir_field_id = 'D002' AND document_id IN (SELECT document_id FROM documents WHERE document_year = '2023' AND state_id IN (SELECT state_id FROM states WHERE code = 'SUCCESS')),medium,"[""extraction_results"", ""documents"", ""states""]","[""financial_aggregation"", ""error_filtering""]",True,[],True,,False,14,1,1,52667a7a891300ed684f58519513f055b926e050ec59e2eed63e41571e15ed5b
cand_000088,Quels sont les documents en 2024 avec des erreurs d'extraction dans les champs de dépenses et un nombre de pages supérieur à 200 ?,SELECT d.document_id FROM documents d JOIN extraction_results er ON d.document_id = er.document_id WHERE er.safir_field_id LIKE 'D%' AND er.message_error IS NOT NULL AND d.nb_pages > 200 AND d.document_year = '2024',medium,"[""documents"", ""extraction_results""]","[""error_analysis"", ""expense_fields""]",True,[],True,,False,10,2581,1,ffd794b6b73fadb48c16bb4e500005a2a572fc6d55770d09ed82a47d67cf9456
cand_000089,"Quel est le total des valeurs du champ DF011 pour les documents en 2023, en excluant les documents avec erreurs ?",SELECT SUM(CAST(value AS REAL)) FROM extraction_results WHERE safir_field_id = 'DF011' AND document_id IN (SELECT document_id FROM documents WHERE document_year = '2023' AND state_id IN (SELECT state_id FROM states WHERE code = 'SUCCESS')),medium,"[""extraction_results"", ""documents"", ""states""]","[""financial_aggregation"", ""error_filtering""]",True,[],True,,False,14,1,1,52667a7a891300ed684f58519513f055b926e050ec59e2eed63e41571e15ed5b
cand_000090,Quel est le nombre de documents en format scan en 2024 ?,SELECT COUNT(*) FROM documents WHERE format = 'scan' AND document_year = '2024',easy,"[""documents""]","[""count"", ""filter"", ""document_format""]",True,[],True,,False,0,1,1,52667a7a891300ed684f58519513f055b926e050ec59e2eed63e41571e15ed5b
cand_000091,Quels sont les 5 communes avec le plus de documents en 2023 ?,"SELECT city_name, COUNT(*) AS nb_documents FROM documents WHERE document_year = '2023' GROUP BY city_name ORDER BY nb_documents DESC LIMIT 5",medium,"[""documents""]","[""group_by"", ""order_by"", ""limit"", ""city""]",True,[],True,,False,0,5,2,0ec2f5f5b6a3d7a3a37c1480948a5a86bdf22677a25830a9f78721cb3742d311
cand_000092,"Quels sont les documents avec des avertissements mais pas d'erreurs en 2024, triés par nombre de pages décroissant ?","SELECT document_id, nb_pages FROM documents WHERE document_year = '2024' AND warning_message IS NOT NULL AND error_message IS NULL ORDER BY nb_pages DESC",medium,"[""documents""]","[""filter"", ""order_by"", ""warning"", ""error""]",True,[],True,,False,0,0,2,e3b0c44298fc1c149afbf4c8996fb92427ae41e4649b934ca495991b7852b855
cand_000093,"Quel est le total des valeurs du champ D001 pour les documents en 2023, en excluant les documents avec erreurs ?",SELECT SUM(CAST(value AS REAL)) FROM extraction_results WHERE safir_field_id = 'D001' AND document_id IN (SELECT document_id FROM documents WHERE document_year = '2023' AND state_id IN (SELECT state_id FROM states WHERE code = 'SUCCESS')),medium,"[""extraction_results"", ""documents"", ""states""]","[""sum"", ""filter"", ""field_value"", ""state""]",True,[],True,,False,13,1,1,52667a7a891300ed684f58519513f055b926e050ec59e2eed63e41571e15ed5b
cand_000094,Quels sont les documents avec des avertissements sur les sections annexes en 2023 ?,SELECT document_id FROM documents WHERE document_year = '2023' AND warning_message LIKE '%sections annexes%',medium,"[""documents""]","[""filter"", ""text_search"", ""warning""]",True,[],True,,False,0,0,1,e3b0c44298fc1c149afbf4c8996fb92427ae41e4649b934ca495991b7852b855
cand_000095,"Quelle est la distribution des types de budget (BP/BA) en 2024, regroupée par commune ?","SELECT city_name, budget_type, COUNT(*) AS nb_documents FROM documents WHERE document_year = '2024' GROUP BY city_name, budget_type",medium,"[""documents""]","[""group_by"", ""distribution"", ""budget_type"", ""city""]",True,[],True,,False,0,20,3,7cfcde17b3ce65048feaa8ae09018b366627677137da91e2662b084c5a066c39
cand_000096,Quels sont les documents en 2024 avec des erreurs d'extraction dans les champs de dépenses et un nombre de pages supérieur à 100 ?,"SELECT document_id, nb_pages FROM documents WHERE document_year = '2024' AND document_id IN (SELECT document_id FROM extraction_results WHERE safir_field_id IN ('Depenses', 'D001') AND message_error IS NOT NULL) AND nb_pages > 100",hard,"[""documents"", ""extraction_results""]","[""filter"", ""join"", ""error"", ""field_value""]",True,[],True,,False,3,76,2,520513e351469e848ba15ebbe3663fd5cea523e71eb3d8232fdab8097e667722
cand_000097,Quelle est la commune avec le plus de documents en 2023 ayant un état de succès ?,SELECT city_name FROM documents WHERE document_year = '2023' AND state_id IN (SELECT state_id FROM states WHERE code = 'SUCCESS') GROUP BY city_name ORDER BY COUNT(*) DESC LIMIT 1,medium,"[""documents"", ""states""]","[""group_by"", ""order_by"", ""limit"", ""city""]",True,[],True,,False,12,1,1,52667a7a891300ed684f58519513f055b926e050ec59e2eed63e41571e15ed5b
cand_000098,"Quelle est la distribution des formats de documents (pdf, scan, image) en 2023 ?","SELECT format, COUNT(*) AS count FROM documents WHERE document_year = '2023' GROUP BY format",easy,"[""documents""]","[""format_distribution"", ""document_stats""]",True,[],True,,False,0,1,2,52667a7a891300ed684f58519513f055b926e050ec59e2eed63e41571e15ed5b
cand_000099,"Quel est le total des valeurs du champ D002 pour les documents en 2024, en excluant les documents avec erreurs ?",SELECT SUM(CAST(value AS REAL)) FROM extraction_results WHERE safir_field_id = 'D002' AND document_id IN (SELECT document_id FROM documents WHERE document_year = '2024' AND state_id IN (SELECT state_id FROM states WHERE code = 'SUCCESS')),hard,"[""extraction_results"", ""documents"", ""states""]","[""field_value"", ""error_exclusion""]",True,[],True,,False,17,1,1,52667a7a891300ed684f58519513f055b926e050ec59e2eed63e41571e15ed5b
cand_000100,Quels sont les documents en 2023 avec des erreurs d'extraction dans les champs de recettes ?,SELECT document_id FROM documents WHERE document_year = '2023' AND error_message LIKE '%recettes%';,medium,"[""documents""]","[""error_analysis"", ""yearly_analysis"", ""financial_field""]",True,[],True,,False,0,0,1,e3b0c44298fc1c149afbf4c8996fb92427ae41e4649b934ca495991b7852b855
cand_000101,Quel est le nombre de documents avec des erreurs liées à la dette en 2023 et un nombre de pages supérieur à 100 ?,SELECT COUNT(*) FROM documents WHERE document_year = '2023' AND error_message LIKE '%dette%' AND nb_pages > 100;,medium,"[""documents""]","[""error_analysis"", ""page_count"", ""yearly_analysis""]",True,[],True,,False,0,1,1,52667a7a891300ed684f58519513f055b926e050ec59e2eed63e41571e15ed5b
cand_000102,Quels sont les 5 communes avec le plus de documents en 2024 ayant un état de succès ?,"SELECT city_name, COUNT(*) AS nb_docs FROM documents WHERE document_year = '2024' AND state_id IN (SELECT state_id FROM states WHERE code = 'SUCCESS') GROUP BY city_name ORDER BY nb_docs DESC LIMIT 5",medium,"[""documents"", ""states""]","[""municipal_analysis"", ""document_distribution""]",True,[],True,,False,12,5,2,0573ec957695048991f4722094d7caf04a3baa001d0e82032e0b01a61997f399
cand_000103,Quel est le nombre de documents avec des erreurs liées à la dette en 2024 et un nombre de pages supérieur à 200 ?,SELECT COUNT(*) FROM documents WHERE document_year = '2024' AND error_message LIKE '%dette%' AND nb_pages > 200 AND state_id IN (SELECT state_id FROM states WHERE code = 'ERROR'),hard,"[""documents"", ""states""]","[""error_analysis"", ""page_filtering""]",True,[],True,,False,7,1,1,52667a7a891300ed684f58519513f055b926e050ec59e2eed63e41571e15ed5b
cand_000104,Quel est le taux de documents en erreur en 2023 par commune ?,"SELECT d.city_name, COUNT(*) * 100.0 / (SELECT COUNT(*) FROM documents WHERE document_year = '2023') AS error_rate FROM documents d WHERE d.document_year = '2023' AND d.state_id IN (SELECT state_id FROM states WHERE code IN ('ERROR', 'REJECTED')) GROUP BY d.city_name ORDER BY error_rate DESC;",medium,"[""documents"", ""states""]","[""error_rate"", ""commune"", ""year""]",True,[],True,,False,8,0,2,e3b0c44298fc1c149afbf4c8996fb92427ae41e4649b934ca495991b7852b855
cand_000105,Quel est le nombre moyen de pages par document en 2024 pour les documents en format scan ?,SELECT AVG(nb_pages) AS avg_pages FROM documents WHERE document_year = '2024' AND format = 'scan';,easy,"[""documents""]","[""average"", ""pages"", ""format""]",True,[],True,,False,0,1,1,52667a7a891300ed684f58519513f055b926e050ec59e2eed63e41571e15ed5b
cand_000106,Quelles sont les 5 communes avec le plus de documents en 2023 ayant un état de succès ?,"SELECT city_name, COUNT(*) AS success_count FROM documents WHERE document_year = '2023' AND state_id IN (SELECT state_id FROM states WHERE code = 'SUCCESS') GROUP BY city_name ORDER BY success_count DESC LIMIT 5;",medium,"[""documents"", ""states""]","[""top_communes"", ""success"", ""year""]",True,[],True,,False,12,5,2,ad73c62afa5329a1edd05ca83694c1d7c064182276ffb55af12e25ff6472ac59
cand_000107,"Quelle est la distribution des formats de documents (pdf, scan, image) en 2024 ?","SELECT format, COUNT(*) AS format_count FROM documents WHERE document_year = '2024' GROUP BY format;",easy,"[""documents""]","[""distribution"", ""format"", ""year""]",True,[],True,,False,0,2,2,b5c2d0ca23338fc7c5de2b04d27f06eb97b1e8c753896407739f7651f3eb6f52
cand_000108,"Quelle est la valeur moyenne du champ D001 pour les documents en 2024, regroupée par commune et type de budget ?","SELECT d.city_name, d.budget_type, AVG(CAST(er.value AS REAL)) AS avg_value FROM documents d JOIN extraction_results er ON d.document_id = er.document_id WHERE d.document_year = '2024' AND er.safir_field_id = 'D001' GROUP BY d.city_name, d.budget_type",medium,"[""documents"", ""extraction_results""]","[""financial_aggregates"", ""field_analysis""]",True,[],True,,False,3,20,3,64cbe404d4c825e530bc0696c90669d8235d343505743f0ba137ea81a0c64660
cand_000109,"Quels sont les documents en 2023 avec des erreurs dans les champs de recettes, un nombre de pages supérieur à 200 et un état de succès ?","SELECT d.document_id, d.city_name, d.nb_pages FROM documents d JOIN extraction_results er ON d.document_id = er.document_id WHERE d.document_year = '2023' AND d.state_id IN (SELECT state_id FROM states WHERE code = 'SUCCESS') AND er.safir_field_id IN ('Conso', 'Recettes') AND er.message_error IS NOT NULL AND d.nb_pages > 200",hard,"[""documents"", ""extraction_results"", ""states""]","[""anomaly_detection"", ""error_analysis""]",True,[],True,,False,13,10,3,aba72e6556f6a207a1dd0a9349d97fde22a4d51621d034dc7a546173ebfdfe87
cand_000110,Quel est le nombre moyen de pages par document en 2023 pour les documents en format scan ?,SELECT AVG(nb_pages) AS avg_pages FROM documents WHERE document_year = '2023' AND format = 'scan',easy,"[""documents""]","[""document_stats"", ""format_analysis""]",True,[],True,,False,0,1,1,52667a7a891300ed684f58519513f055b926e050ec59e2eed63e41571e15ed5b
cand_000111,"Quels sont les documents en 2024 avec des avertissements mais pas d'erreurs, triés par nombre de pages décroissant ?","SELECT d.document_id, d.nb_pages FROM documents d WHERE d.document_year = '2024' AND d.warning_message IS NOT NULL AND d.error_message IS NULL ORDER BY d.nb_pages DESC",medium,"[""documents""]","[""warning_analysis"", ""document_status""]",True,[],True,,False,0,0,2,e3b0c44298fc1c149afbf4c8996fb92427ae41e4649b934ca495991b7852b855
cand_000112,"Quelle est la distribution des types de budget (BP/BA) en 2023, regroupée par commune ?","SELECT city_name, budget_type, COUNT(*) AS count FROM documents WHERE document_year = '2023' GROUP BY city_name, budget_type",medium,"[""documents""]","[""budget_type"", ""commune_analysis""]",True,[],True,,False,0,6,3,1ec4cbde23c50fd378f8c56de989d6eec2f3d5889a367cfaf957b6b714cbc006
cand_000113,"Quel est le total des valeurs du champ D002 pour les documents en 2024, en excluant les documents avec erreurs, regroupé par commune ?","SELECT d.city_name, SUM(CAST(er.value AS REAL)) AS total FROM documents d JOIN extraction_results er ON d.document_id = er.document_id WHERE d.document_year = '2024' AND er.safir_field_id = 'D002' AND d.state_id IN (SELECT state_id FROM states WHERE code = 'SUCCESS') GROUP BY d.city_name",hard,"[""documents"", ""extraction_results"", ""states""]","[""financial_aggregates"", ""commune_analysis""]",True,[],True,,False,17,18,2,a6ae1e6ed200ccb7ef8f1b5c6a2c870b7d531b2f90a42ce1ad397f8976ba1f43
cand_000114,Quels sont les documents en 2023 avec des erreurs dans les champs de recettes et un nombre de pages supérieur à 100 ?,"SELECT d.document_id, d.nb_pages FROM documents d JOIN extraction_results er ON d.document_id = er.document_id WHERE d.document_year = '2023' AND er.safir_field_id IN ('Recettes', 'Conso') AND er.message_error IS NOT NULL AND d.nb_pages > 100",hard,"[""documents"", ""extraction_results""]","[""error_analysis"", ""revenue_fields""]",True,[],True,,False,1,15,2,125ef70989e99c17fa4aa2a188bff29e05a36e91763bd037dac1f77c5336a780
cand_000115,"Quelle est la valeur moyenne du champ D001 pour les documents en 2024, regroupée par type de budget ?","SELECT er.safir_field_id, d.budget_type, AVG(CAST(er.value AS REAL)) AS avg_value FROM extraction_results er JOIN documents d ON er.document_id = d.document_id WHERE er.safir_field_id = 'D001' AND d.document_year = '2024' AND d.state_id IN (SELECT state_id FROM states WHERE code = 'SUCCESS') GROUP BY er.safir_field_id, d.budget_type;",medium,"[""extraction_results"", ""documents"", ""states""]","[""financial_analysis"", ""budget_structure"", ""aggregation""]",True,[],True,,False,17,2,3,d5ea0e1ed4792c48369b1e4dee4c9384db486c044fdf9b7baec42af2a4b512d9
cand_000116,Quels sont les documents en 2024 avec des erreurs liées à la dette et un nombre de pages supérieur à 200 ?,SELECT d.* FROM documents d WHERE d.document_year = '2024' AND d.error_message LIKE '%dette%' AND d.nb_pages > 200;,medium,"[""documents""]","[""financial_analysis"", ""error_analysis"", ""document_filtering""]",True,[],True,,False,0,0,13,e3b0c44298fc1c149afbf4c8996fb92427ae41e4649b934ca495991b7852b855
cand_000117,Quelle est la répartition des types de budget (BP/BA) en 2024 ?,"SELECT budget_type, COUNT(*) FROM documents WHERE document_year = '2024' GROUP BY budget_type",easy,"[""documents""]","[""budget_analysis"", ""document_stats""]",True,[],True,,False,0,2,2,18e079369be85daf3d978debd4b90f37cefa1caa9e4f7f62192eaff9349065c3
cand_000118,Quel est le nombre total de documents en 2023 avec un état de succès et un budget type BP ?,SELECT COUNT(*) FROM documents WHERE document_year = '2023' AND budget_type = 'BP' AND state_id IN (SELECT state_id FROM states WHERE code = 'SUCCESS'),medium,"[""documents"", ""states""]","[""budget_analysis"", ""state_analysis""]",True,[],True,,False,12,1,1,4b7867c84862a424ee55c9c31ca833ae0cbf24c82245d6b3755622aa822c1903
cand_000119,"Quels sont les documents en 2024 avec des erreurs d'extraction dans les champs de dépenses, triés par nombre de pages décroissant ?","SELECT d.* FROM documents d JOIN extraction_results er ON d.document_id = er.document_id WHERE d.document_year = '2024' AND er.safir_field_id IN ('D001', 'D002') AND er.message_error IS NOT NULL ORDER BY d.nb_pages DESC",medium,"[""documents"", ""extraction_results""]","[""error_analysis"", ""financial_fields""]",True,[],True,,False,5,186,13,d29a83497becf6d483bb7d15747803445ed018dc6976916cc939c32a44281ab4
cand_000120,Quels sont les documents en 2023 avec des avertissements sur les sections annexes et un budget type BA ?,SELECT * FROM documents WHERE document_year = '2023' AND warning_message LIKE '%sections annexes%' AND budget_type = 'BA',medium,"[""documents""]","[""warning_analysis"", ""budget_filter""]",True,[],True,,False,0,0,13,e3b0c44298fc1c149afbf4c8996fb92427ae41e4649b934ca495991b7852b855
cand_000121,"Quel est le nombre de documents avec des erreurs liées à la dette en 2023, regroupé par commune ?","SELECT city_name, COUNT(*) AS count FROM documents WHERE document_year = '2023' AND error_message LIKE '%dette%' GROUP BY city_name",medium,"[""documents""]","[""error_analysis"", ""city_comparison""]",True,[],True,,False,0,0,2,e3b0c44298fc1c149afbf4c8996fb92427ae41e4649b934ca495991b7852b855
cand_000122,Quels sont les 5 communes avec le plus de documents en 2023 ayant un état de succès ?,"SELECT city_name, COUNT(*) AS count FROM documents WHERE document_year = '2023' AND state_id = (SELECT state_id FROM states WHERE code = 'SUCCESS') GROUP BY city_name ORDER BY count DESC LIMIT 5",medium,"[""documents"", ""states""]","[""top_communes"", ""year_filter"", ""state_filter"", ""grouping""]",True,[],True,,False,0,0,2,e3b0c44298fc1c149afbf4c8996fb92427ae41e4649b934ca495991b7852b855
cand_000123,"Quels sont les documents en 2024 avec des erreurs liées à la dette, regroupés par commune ?","SELECT city_name, COUNT(*) AS error_count FROM documents WHERE document_year = '2024' AND error_message LIKE '%dette%' GROUP BY city_name ORDER BY error_count DESC",hard,"[""documents""]","[""error_analysis"", ""debt_filter"", ""commune_grouping""]",True,[],True,,False,0,0,2,e3b0c44298fc1c149afbf4c8996fb92427ae41e4649b934ca495991b7852b855
cand_000124,Quel est le taux de documents en erreur en 2024 par commune ?,"SELECT d.city_name, COUNT(*) * 100.0 / (SELECT COUNT(*) FROM documents WHERE document_year = '2024') AS error_rate_percentage FROM documents d WHERE d.document_year = '2024' AND d.state_id IN (SELECT state_id FROM states WHERE code IN ('ERROR', 'REJECTED')) GROUP BY d.city_name ORDER BY error_rate_percentage DESC;",medium,"[""documents"", ""states""]","[""financial_analysis"", ""error_rate"", ""commune""]",True,[],True,,False,8,7,2,cf9208881e8c0f317becce6a315b40c99b138496cf823df26a6bd97cb500ca16
cand_000125,Quels sont les documents en 2024 avec des avertissements sur les sections annexes ?,SELECT d.document_id FROM documents d WHERE d.document_year = '2024' AND d.warning_message LIKE '%sections annexes%';,medium,"[""documents""]","[""financial_analysis"", ""warning_check"", ""sections""]",True,[],True,,False,0,0,1,e3b0c44298fc1c149afbf4c8996fb92427ae41e4649b934ca495991b7852b855
cand_000126,Quel est le nombre de documents en 2024 avec un état de succès et un budget type BP ?,SELECT COUNT(*) FROM documents WHERE document_year = '2024' AND state_id IN (SELECT state_id FROM states WHERE code = 'SUCCESS') AND budget_type = 'BP';,easy,"[""documents"", ""states""]","[""count"", ""filter"", ""state"", ""budget_type""]",True,[],True,,False,13,1,1,4b7867c84862a424ee55c9c31ca833ae0cbf24c82245d6b3755622aa822c1903
cand_000127,Quels sont les documents en 2024 avec des erreurs d'extraction dans les champs de recettes et un nombre de pages supérieur à 100 ?,"SELECT d.document_id, d.city_name, d.nb_pages FROM documents d WHERE d.document_year = '2024' AND d.state_id IN (SELECT state_id FROM states WHERE code = 'ERROR') AND d.nb_pages > 100 AND d.warning_message LIKE '%recettes%';",hard,"[""documents"", ""states""]","[""filter"", ""error"", ""pages"", ""text_search""]",True,[],True,,False,7,0,3,e3b0c44298fc1c149afbf4c8996fb92427ae41e4649b934ca495991b7852b855
cand_000128,"Quel est le total des valeurs du champ D001 pour les documents en 2023, en excluant les documents avec erreurs, regroupé par commune ?","SELECT d.city_name, SUM(CAST(r.value AS REAL)) AS total FROM documents d JOIN extraction_results r ON d.document_id = r.document_id WHERE d.document_year = '2023' AND d.state_id IN (SELECT state_id FROM states WHERE code = 'SUCCESS') AND r.safir_field_id = 'D001' GROUP BY d.city_name;",medium,"[""documents"", ""extraction_results"", ""states""]","[""sum"", ""group_by"", ""field"", ""state""]",True,[],True,,False,14,6,2,f6d702d3ca2e796ab14025654ccfbd04f119da4a96117c14b1c284f8de348a0b
cand_000129,"Quelle est la valeur moyenne du champ D002 pour les documents en 2024, regroupée par type de budget (BP/BA) ?","SELECT d.budget_type, AVG(CAST(er.value AS REAL)) AS avg_D002 FROM documents d JOIN extraction_results er ON d.document_id = er.document_id WHERE d.document_year = '2024' AND er.safir_field_id = 'D002' GROUP BY d.budget_type",medium,"[""documents"", ""extraction_results""]","[""financial_aggregation"", ""budget_type_analysis"", ""average_calculation""]",True,[],True,,False,3,2,2,1a08eda1d8bfa29eaf18f7667cc2209f38d6cc975528dd77b73b5c790fa94667
cand_000130,"Quels sont les documents en 2024 avec des erreurs d'extraction dans les champs de recettes, triés par nombre de pages décroissant ?","SELECT d.document_id, d.nb_pages FROM documents d JOIN extraction_results er ON d.document_id = er.document_id JOIN states s ON d.state_id = s.state_id WHERE d.document_year = '2024' AND s.code = 'ERROR' AND er.safir_field_id IN ('Conso', 'Recettes') ORDER BY d.nb_pages DESC",hard,"[""documents"", ""extraction_results"", ""states""]","[""error_analysis"", ""revenue_fields"", ""page_sorting""]",True,[],True,,False,1,0,2,e3b0c44298fc1c149afbf4c8996fb92427ae41e4649b934ca495991b7852b855
cand_000131,Quels sont les documents en 2023 avec des erreurs liées à la dette et un nombre de pages supérieur à 100 ?,"SELECT d.document_id, d.city_name, d.nb_pages FROM documents d WHERE d.document_year = '2023' AND (d.error_message LIKE '%dette%' OR d.warning_message LIKE '%dette%') AND d.nb_pages > 100",medium,"[""documents""]","[""error_filter"", ""debt_analysis"", ""page_filter""]",True,[],True,,False,0,1,3,7f93c65368896c7cfdbc6599d9a5fa192a0ebf25f984699cd7278a989cdf2fd0
cand_000132,"Quelle est la valeur moyenne du champ D001 pour les documents en 2024, regroupée par type de budget (BP/BA) ?","SELECT d.budget_type, AVG(CAST(er.value AS REAL)) AS avg_value FROM documents d JOIN extraction_results er ON d.document_id = er.document_id WHERE d.document_year = '2024' AND er.safir_field_id = 'D001' AND d.state_id IN (SELECT state_id FROM states WHERE code = 'SUCCESS') GROUP BY d.budget_type",medium,"[""documents"", ""extraction_results"", ""states""]","[""average_calculation"", ""budget_type"", ""field_filter""]",True,[],True,,False,17,2,2,4895315cbb02774bc7a56b8700b26253d91f70d54a14b2bc2c58db15f7cb0346
cand_000133,Quel est le nombre de documents en format scan en 2024 avec un état de succès ?,SELECT COUNT(*) FROM documents WHERE document_year = '2024' AND format = 'scan' AND state_id IN (SELECT state_id FROM states WHERE code = 'SUCCESS'),easy,"[""documents"", ""states""]","[""document_analysis"", ""format_filter""]",True,[],True,,False,13,1,1,ef2ccae0d56a7cec31b67e9ef12b5d1e85706ff7ac2bf4f347f3e46c966a97b7
cand_000134,Quel est le total des dépenses de fonctionnement pour les communes en 2024 ?,SELECT SUM(CAST(value AS REAL)) AS total_depenses FROM extraction_results JOIN documents ON extraction_results.document_id = documents.document_id WHERE safir_field_id = 'Conso' AND documents.document_year = '2024' AND documents.state_id IN (SELECT state_id FROM states WHERE code = 'SUCCESS'),medium,"[""extraction_results"", ""documents"", ""states""]","[""financial_aggregation"", ""expense_analysis""]",True,[],True,,False,18,1,1,ef2ccae0d56a7cec31b67e9ef12b5d1e85706ff7ac2bf4f347f3e46c966a97b7
cand_000135,"Quel est le taux de documents en erreur en 2023, regroupé par type de budget (BP/BA) ?","SELECT budget_type, COUNT(*) * 100.0 / (SELECT COUNT(*) FROM documents WHERE document_year = '2023') AS error_rate FROM documents WHERE document_year = '2023' AND state_id IN (SELECT state_id FROM states WHERE code = 'ERROR') GROUP BY budget_type",medium,"[""documents"", ""states""]","[""error_rate"", ""budget_type""]",True,[],True,,False,7,0,2,e3b0c44298fc1c149afbf4c8996fb92427ae41e4649b934ca495991b7852b855
cand_000136,"Quel est le total des valeurs du champ D002 pour les documents en 2023, regroupé par type de budget (BP/BA) ?","SELECT documents.budget_type, SUM(CAST(extraction_results.value AS REAL)) AS total FROM extraction_results JOIN documents ON extraction_results.document_id = documents.document_id WHERE safir_field_id = 'D002' AND documents.document_year = '2023' AND documents.state_id IN (SELECT state_id FROM states WHERE code = 'SUCCESS') GROUP BY documents.budget_type",medium,"[""extraction_results"", ""documents"", ""states""]","[""financial_aggregation"", ""budget_type""]",True,[],True,,False,14,2,2,1cc0481d252884827da3d894c29b010e78d37f33d0a6c50577e674b2c29b236c
cand_000137,"Quel est le total des dépenses de fonctionnement pour les communes en 2023, excluant les documents avec erreurs ?",SELECT SUM(CAST(value AS REAL)) AS total_depenses FROM extraction_results JOIN documents ON extraction_results.document_id = documents.document_id WHERE safir_field_id = 'Conso' AND documents.document_year = '2023' AND documents.state_id IN (SELECT state_id FROM states WHERE code = 'SUCCESS'),medium,"[""extraction_results"", ""documents"", ""states""]","[""financial_aggregation"", ""expense_analysis""]",True,[],True,,False,14,1,1,f01cc9117b025427fe4244b0dd9770b8014d915b27cd8904d96c78dfc1a77662
cand_000138,Quel est le nombre de documents avec des avertissements sur les sections annexes en 2024 ?,SELECT COUNT(*) FROM documents WHERE document_year = '2024' AND warning_message LIKE '%sections annexes%' AND state_id IN (SELECT state_id FROM states WHERE code != 'ERROR'),easy,"[""documents"", ""states""]","[""warning_analysis"", ""section_filter""]",True,[],True,,False,38,1,1,f01cc9117b025427fe4244b0dd9770b8014d915b27cd8904d96c78dfc1a77662
cand_000139,Quel est le nombre de documents en 2023 avec des erreurs d'extraction dans les champs de recettes et un nombre de pages supérieur à 200 ?,SELECT COUNT(*) FROM documents WHERE document_year = '2023' AND error_message LIKE '%recettes%' AND nb_pages > 200 AND state_id IN (SELECT state_id FROM states WHERE code = 'ERROR'),medium,"[""documents"", ""states""]","[""error_analysis"", ""page_filter""]",True,[],True,,False,7,1,1,f01cc9117b025427fe4244b0dd9770b8014d915b27cd8904d96c78dfc1a77662
cand_000140,"Quel est le total des valeurs du champ DF011 pour les documents en 2024, regroupé par commune ?","SELECT documents.city_name, SUM(CAST(extraction_results.value AS REAL)) AS total FROM extraction_results JOIN documents ON extraction_results.document_id = documents.document_id WHERE safir_field_id = 'DF011' AND documents.document_year = '2024' AND documents.state_id IN (SELECT state_id FROM states WHERE code = 'SUCCESS') GROUP BY documents.city_name",medium,"[""extraction_results"", ""documents"", ""states""]","[""financial_aggregation"", ""city_comparison""]",True,[],True,,False,18,18,2,6b12a14dec0154275acaaac646edc8d089f29df2be9409a756408e24850c3aa8
cand_000141,Quel est le nombre de documents avec des avertissements sur les sections annexes en 2023 et un budget type BA ?,SELECT COUNT(*) FROM documents WHERE document_year = '2023' AND warning_message LIKE '%sections annexes%' AND budget_type = 'BA' AND state_id IN (SELECT state_id FROM states WHERE code != 'ERROR'),medium,"[""documents"", ""states""]","[""warning_analysis"", ""budget_type""]",True,[],True,,False,37,1,1,f01cc9117b025427fe4244b0dd9770b8014d915b27cd8904d96c78dfc1a77662
cand_000142,Quel est le nombre total de documents en 2024 ayant un état de succès ?,SELECT COUNT(*) FROM documents WHERE document_year = '2024' AND state_id = (SELECT state_id FROM states WHERE code = 'SUCCESS'),easy,"[""documents"", ""states""]","[""document_count"", ""state_filter"", ""year_filter""]",True,[],True,,False,0,1,1,f01cc9117b025427fe4244b0dd9770b8014d915b27cd8904d96c78dfc1a77662
cand_000143,Quelle commune a le plus de documents en 2024 avec un budget type BP ?,"SELECT city_name, COUNT(*) AS count FROM documents WHERE document_year = '2024' AND budget_type = 'BP' GROUP BY city_name ORDER BY count DESC LIMIT 1",medium,"[""documents""]","[""budget_type"", ""city_analysis"", ""top_ranking""]",True,[],True,,False,0,1,2,f01cc9117b025427fe4244b0dd9770b8014d915b27cd8904d96c78dfc1a77662
cand_000144,"Quels sont les documents en 2023 avec des erreurs d'extraction dans les champs de recettes, triés par nombre de pages décroissant ?",SELECT * FROM documents WHERE document_year = '2023' AND error_message LIKE '%recettes%' ORDER BY nb_pages DESC,medium,"[""documents""]","[""error_filter"", ""page_count"", ""year_filter""]",True,[],True,,False,0,0,13,e3b0c44298fc1c149afbf4c8996fb92427ae41e4649b934ca495991b7852b855
cand_000145,"Quel est le taux de documents en erreur en 2024, regroupé par type de budget (BP/BA) ?","SELECT d.budget_type, COUNT(*) * 100.0 / (SELECT COUNT(*) FROM documents WHERE document_year = '2024') AS error_rate FROM documents d WHERE d.state_id IN (SELECT state_id FROM states WHERE code IN ('ERROR', 'PARTIAL')) AND d.document_year = '2024' GROUP BY d.budget_type",medium,"[""documents"", ""states""]","[""error_analysis"", ""budget_type_stats""]",True,[],True,,False,7,2,2,1409bd5746c1be83795451a4b410dd5c862af1753bc42456402bff5d6a3bd447
cand_000146,Quels sont les documents en 2023 avec des erreurs d'extraction dans les champs de recettes et un nombre de pages supérieur à 200 ?,"SELECT document_id, city_name, nb_pages FROM documents WHERE document_year = '2023' AND error_message LIKE '%recettes%' AND nb_pages > 200",medium,"[""documents""]","[""error_analysis"", ""page_filter""]",True,[],True,,False,0,0,3,e3b0c44298fc1c149afbf4c8996fb92427ae41e4649b934ca495991b7852b855
cand_000147,"Quelle est la moyenne du nombre de pages par document en 2023, regroupée par type de budget (BP/BA) ?","SELECT budget_type, AVG(nb_pages) AS avg_pages FROM documents WHERE document_year = '2023' GROUP BY budget_type",medium,"[""documents""]","[""budget_trends"", ""document_analysis""]",True,[],True,,False,0,2,2,579422d547f0e1b6d6a4613098bcba0f333b9a36f5c4e373046f81d819c2d442
cand_000148,"Quelles sont les 5 communes avec le plus haut total des valeurs du champ D002 en 2024, excluant les documents avec erreurs ou avertissements ?","SELECT d.city_name, SUM(CAST(r.value AS REAL)) AS total_d002 FROM documents d JOIN extraction_results r ON d.document_id = r.document_id WHERE d.document_year = '2024' AND r.safir_field_id = 'D002' AND d.state_id IN (SELECT state_id FROM states WHERE code = 'SUCCESS') GROUP BY d.city_name ORDER BY total_d002 DESC LIMIT 5",hard,"[""documents"", ""extraction_results"", ""states""]","[""financial_aggregates"", ""error_filtering""]",True,[],True,,False,19,5,2,58adf0ac9e040f2a4a209af46fbcb8e885abfac4e7e494773d939905b9d700c8
cand_000149,Quels sont les documents en 2024 avec des avertissements sur les sections annexes et un budget type BA ?,"SELECT d.document_id, d.city_name FROM documents d WHERE d.document_year = '2024' AND d.budget_type = 'BA' AND d.warning_message LIKE '%sections annexes%'",easy,"[""documents""]","[""warning_analysis"", ""budget_type""]",True,[],True,,False,0,0,2,e3b0c44298fc1c149afbf4c8996fb92427ae41e4649b934ca495991b7852b855
cand_000150,"Quelle est la valeur moyenne du champ DF011 pour les documents en 2024, regroupée par commune ?","SELECT d.city_name, AVG(CAST(r.value AS REAL)) AS avg_df011 FROM documents d JOIN extraction_results r ON d.document_id = r.document_id WHERE d.document_year = '2024' AND r.safir_field_id = 'DF011' GROUP BY d.city_name",medium,"[""documents"", ""extraction_results""]","[""financial_aggregates"", ""field_analysis""]",True,[],True,,False,3,18,2,0f3f373d55aee7ca4fbe2dfbc09f49a745fa57e0d7fdd068b4b2459f44ef039d
cand_000151,"Quel est le total des dépenses de fonctionnement pour les communes en 2024, excluant les documents avec erreurs ?",SELECT SUM(CAST(r.value AS REAL)) AS total_functional_expenses FROM documents d JOIN extraction_results r ON d.document_id = r.document_id WHERE d.document_year = '2024' AND r.safir_field_id = 'Conso' AND d.state_id IN (SELECT state_id FROM states WHERE code = 'SUCCESS'),hard,"[""documents"", ""extraction_results"", ""states""]","[""expense_analysis"", ""error_filtering""]",True,[],True,,False,18,1,1,e1a3aa366fede585483ff14e4a7a435fbc01e83a1e3ef0deaaf15f2367a26321
cand_000152,"Quel est le total des valeurs du champ D001 pour les documents en 2024, regroupé par commune et type de budget ?","SELECT d.city_name, d.budget_type, SUM(CAST(er.value AS REAL)) AS total FROM documents d JOIN extraction_results er ON d.document_id = er.document_id WHERE d.document_year = '2024' AND er.safir_field_id = 'D001' GROUP BY d.city_name, d.budget_type",hard,"[""documents"", ""extraction_results""]","[""sum"", ""join"", ""group_by"", ""cast""]",True,[],True,,False,3,20,3,3bc4027260c9031c9a2f89e25185dbeda81fc92f7b57ec7a73cc4e26edb8c1e3
cand_000153,"Quels sont les documents en 2023 avec des erreurs dans les champs de recettes, triés par nombre de pages décroissant ?","SELECT d.document_id, d.nb_pages FROM documents d WHERE d.document_year = '2023' AND d.error_message LIKE '%recettes%' ORDER BY d.nb_pages DESC",medium,"[""documents""]","[""filter"", ""text_search"", ""order_by""]",True,[],True,,False,0,0,2,e3b0c44298fc1c149afbf4c8996fb92427ae41e4649b934ca495991b7852b855
cand_000154,"Quels sont les documents en 2024 avec des erreurs liées à la dette et un nombre de pages supérieur à 200, triés par nombre de pages décroissant ?","SELECT d.document_id, d.nb_pages FROM documents d WHERE d.document_year = '2024' AND d.error_message LIKE '%dette%' AND d.nb_pages > 200 ORDER BY d.nb_pages DESC",hard,"[""documents""]","[""error_filter"", ""page_filter"", ""text_search""]",True,[],True,,False,0,0,2,e3b0c44298fc1c149afbf4c8996fb92427ae41e4649b934ca495991b7852b855
cand_000155,"Quelle est la moyenne du nombre de pages des documents en 2023, regroupée par type de budget (BP/BA) ?","SELECT budget_type, AVG(nb_pages) FROM documents WHERE document_year = '2023' GROUP BY budget_type",medium,"[""documents""]","[""aggregation"", ""budget_type"", ""year_filter""]",True,[],True,,False,0,2,2,cc3d022c143b60ffecb7a4072082c8be8b28c048d912b93e5ef805a6ce051111
cand_000156,"Quels sont les documents en 2024 où la somme des recettes de fonctionnement est différente de la somme des dépenses de fonctionnement, avec un état de succès ?","SELECT d.document_id FROM documents d JOIN extraction_results r ON d.document_id = r.document_id WHERE d.document_year = '2024' AND d.state_id IN (SELECT state_id FROM states WHERE code = 'SUCCESS') AND r.safir_field_id IN ('RecettesFonctionnement', 'DepensesFonctionnement') GROUP BY d.document_id HAVING SUM(CASE WHEN r.safir_field_id = 'RecettesFonctionnement' THEN CAST(r.value AS REAL) ELSE 0 END) != SUM(CASE WHEN r.safir_field_id = 'DepensesFonctionnement' THEN CAST(r.value AS REAL) ELSE 0 END)",hard,"[""documents"", ""extraction_results"", ""states""]","[""anomaly_detection"", ""financial_discrepancy"", ""join""]",True,[],True,,False,17,0,1,e3b0c44298fc1c149afbf4c8996fb92427ae41e4649b934ca495991b7852b855
cand_000157,"Quelle commune a le plus haut total des valeurs du champ D002 en 2024, excluant les documents avec erreurs ou avertissements ?","SELECT d.city_name, SUM(CAST(r.value AS REAL)) AS total_D002 FROM documents d JOIN extraction_results r ON d.document_id = r.document_id WHERE d.document_year = '2024' AND r.safir_field_id = 'D002' AND d.state_id IN (SELECT state_id FROM states WHERE code = 'SUCCESS') GROUP BY d.city_name ORDER BY total_D002 DESC LIMIT 1",hard,"[""documents"", ""extraction_results"", ""states""]","[""top_commune"", ""financial_aggregation"", ""error_exclusion""]",True,[],True,,False,18,1,2,ab881177aed1ade5b58f38a6b075c74f276e0a4e9b06263b970b5941cf56c251
cand_000158,"Quels sont les 5 communes avec le plus haut total des valeurs du champ D002 en 2024, excluant les documents avec erreurs ou avertissements ?","SELECT d.city_name, SUM(CAST(er.value AS REAL)) AS total_d002 FROM documents d JOIN extraction_results er ON d.document_id = er.document_id WHERE d.document_year = '2024' AND er.safir_field_id = 'D002' AND d.state_id = (SELECT state_id FROM states WHERE code = 'SUCCESS') GROUP BY d.city_name ORDER BY total_d002 DESC LIMIT 5",medium,"[""documents"", ""extraction_results"", ""states""]","[""sum"", ""group_by"", ""filter"", ""city""]",True,[],True,,False,0,0,2,e3b0c44298fc1c149afbf4c8996fb92427ae41e4649b934ca495991b7852b855
cand_000159,Quels sont les documents en 2023 avec des erreurs liées à la dette et un nombre de pages supérieur à 200 ?,SELECT d.* FROM documents d WHERE d.document_year = '2023' AND d.state_id = (SELECT state_id FROM states WHERE code = 'ERROR') AND d.error_message LIKE '%dette%' AND d.nb_pages > 200,medium,"[""documents"", ""states""]","[""filter"", ""error"", ""page_count"", ""year""]",True,[],True,,False,0,0,13,e3b0c44298fc1c149afbf4c8996fb92427ae41e4649b934ca495991b7852b855
cand_000160,Quel est le nombre de documents en format scan en 2023 avec un état de succès ?,SELECT COUNT(*) FROM documents WHERE document_year = '2023' AND format = 'scan' AND state_id = (SELECT state_id FROM states WHERE code = 'SUCCESS'),easy,"[""documents"", ""states""]","[""count"", ""filter"", ""format"", ""state""]",True,[],True,,False,0,1,1,ab881177aed1ade5b58f38a6b075c74f276e0a4e9b06263b970b5941cf56c251
cand_000161,"Quels sont les documents en 2024 avec des avertissements sur les sections annexes, triés par nombre de pages décroissant ?",SELECT d.* FROM documents d JOIN sections s ON d.document_id = s.document_id WHERE d.document_year = '2024' AND s.section_value LIKE '%annexes%' ORDER BY d.nb_pages DESC,medium,"[""documents"", ""sections""]","[""join"", ""filter"", ""order_by"", ""section""]",True,[],True,,False,48,290,13,bc628c4bf4d701d4e746aa1ac421b8d9fedcda6fdc5688eabdfff510150f7edc
cand_000162,"Quel est le nombre moyen de pages par document en 2024, regroupé par type de budget (BP/BA) ?","SELECT budget_type, AVG(nb_pages) AS avg_pages FROM documents WHERE document_year = '2024' GROUP BY budget_type",easy,"[""documents""]","[""document_stats"", ""budget_analysis""]",True,[],True,,False,0,2,2,f58ac3a191d20f55fe8a3d7232c5da955be98a1bd6d4d9aac158354eedea6e45
cand_000163,"Quel est le total des valeurs du champ D002 pour les documents en 2024, regroupé par commune ?","SELECT d.city_name, SUM(CAST(er.value AS REAL)) AS total_D002 FROM documents d JOIN extraction_results er ON d.document_id = er.document_id WHERE d.document_year = '2024' AND er.safir_field_id = 'D002' GROUP BY d.city_name",medium,"[""documents"", ""extraction_results""]","[""field_analysis"", ""commune_analysis""]",True,[],True,,False,5,18,2,fef498d640339dc8a071ec949f888251a2a582329aa90eaeb2a31503d57782c5
cand_000164,"Quelle commune a le plus haut total des valeurs du champ DF011 en 2024, excluant les documents avec erreurs ou avertissements ?","SELECT d.city_name, SUM(CAST(er.value AS REAL)) AS total_DF011 FROM documents d JOIN extraction_results er ON d.document_id = er.document_id WHERE d.document_year = '2024' AND er.safir_field_id = 'DF011' AND d.state_id = (SELECT state_id FROM states WHERE code = 'SUCCESS') GROUP BY d.city_name ORDER BY total_DF011 DESC LIMIT 1",hard,"[""documents"", ""extraction_results"", ""states""]","[""field_analysis"", ""commune_analysis""]",True,[],True,,False,0,0,2,e3b0c44298fc1c149afbf4c8996fb92427ae41e4649b934ca495991b7852b855
cand_000165,"Quel est le taux de documents en erreur en 2024, regroupé par commune ?","SELECT d.city_name, COUNT(*) * 100.0 / (SELECT COUNT(*) FROM documents WHERE document_year = '2024' AND city_name = d.city_name) AS error_rate FROM documents d WHERE document_year = '2024' AND state_id = (SELECT state_id FROM states WHERE code = 'ERROR') GROUP BY d.city_name",hard,"[""documents"", ""states""]","[""error_checking"", ""commune_analysis""]",True,[],True,,False,0,0,2,e3b0c44298fc1c149afbf4c8996fb92427ae41e4649b934ca495991b7852b855
cand_000166,Quelle est la moyenne du nombre de pages par document en 2024 ?,SELECT AVG(nb_pages) FROM documents WHERE document_year = '2024';,easy,"[""documents""]","[""statistiques"", ""pages"", ""année""]",True,[],True,,False,0,1,1,42d2b8bc097be9a5cda21f031a5fe33acc6e337e5b4ebfd697acac054b35a3fe
cand_000167,Quel est le nombre de documents avec des avertissements en 2024 ?,SELECT COUNT(*) FROM documents WHERE warning_message IS NOT NULL AND document_year = '2024';,easy,"[""documents""]","[""avertissements"", ""année""]",True,[],True,,False,0,1,1,fb0d727876b914072b877e8b950a4376ab07e11a4711c1c48f6d0500b655229d
cand_000168,Quelle est la moyenne du nombre de pages pour les documents avec un budget type BP en 2024 ?,SELECT AVG(nb_pages) FROM documents WHERE budget_type = 'BP' AND document_year = '2024';,easy,"[""documents""]","[""budget"", ""pages"", ""année""]",True,[],True,,False,0,1,1,42d2b8bc097be9a5cda21f031a5fe33acc6e337e5b4ebfd697acac054b35a3fe
cand_000169,Quel est le nombre total de documents avec un budget type BA en 2023 ?,SELECT COUNT(*) FROM documents WHERE budget_type = 'BA' AND document_year = '2023';,easy,"[""documents""]","[""budget"", ""comptage"", ""année""]",True,[],True,,False,0,1,1,42d2b8bc097be9a5cda21f031a5fe33acc6e337e5b4ebfd697acac054b35a3fe
cand_000170,Quel est le nombre de documents avec des erreurs liées à la dette en 2023 ?,SELECT COUNT(*) FROM documents WHERE error_message LIKE '%dette%' AND document_year = '2023';,easy,"[""documents""]","[""erreurs"", ""dette"", ""année""]",True,[],True,,False,0,1,1,42d2b8bc097be9a5cda21f031a5fe33acc6e337e5b4ebfd697acac054b35a3fe
cand_000171,"Quelle est la moyenne du champ D001 pour les documents en 2024, regroupée par commune ?","SELECT city_name, AVG(CAST(value AS REAL)) AS avg_d001 FROM documents JOIN extraction_results ON documents.document_id = extraction_results.document_id WHERE safir_field_id = 'D001' AND document_year = '2024' GROUP BY city_name;",medium,"[""documents"", ""extraction_results""]","[""champ"", ""commune"", ""année""]",True,[],True,,False,3,18,2,903d8310c014ee6f21c26185acc2b46d76f84beba01151ec00199f931ba353d9
cand_000172,Quel est le nombre de documents en 2023 avec à la fois des erreurs et des avertissements ?,SELECT COUNT(*) FROM documents WHERE error_message IS NOT NULL AND warning_message IS NOT NULL AND document_year = '2023';,medium,"[""documents""]","[""erreurs"", ""avertissements"", ""année""]",True,[],True,,False,0,1,1,42d2b8bc097be9a5cda21f031a5fe33acc6e337e5b4ebfd697acac054b35a3fe
cand_000173,Quel est le nombre de documents avec un budget type BA et un état de succès en 2024 ?,SELECT COUNT(*) FROM documents JOIN states ON documents.state_id = states.state_id WHERE budget_type = 'BA' AND states.code = 'SUCCESS' AND document_year = '2024';,medium,"[""documents"", ""states""]","[""budget"", ""état"", ""année""]",True,[],True,,False,0,1,1,42d2b8bc097be9a5cda21f031a5fe33acc6e337e5b4ebfd697acac054b35a3fe
cand_000174,Quel est le nombre de documents avec un masque M57_CA et un état de succès en 2023 ?,SELECT COUNT(*) FROM documents JOIN states ON documents.state_id = states.state_id WHERE mask = 'M57_CA' AND states.code = 'SUCCESS' AND document_year = '2023';,medium,"[""documents"", ""states""]","[""masque"", ""état"", ""année""]",True,[],True,,False,0,1,1,42d2b8bc097be9a5cda21f031a5fe33acc6e337e5b4ebfd697acac054b35a3fe
cand_000175,"Quel est le total des valeurs du champ D002 pour les documents en 2024, excluant les documents avec erreurs ?",SELECT SUM(CAST(value AS REAL)) AS total_d002 FROM documents JOIN extraction_results ON documents.document_id = extraction_results.document_id WHERE safir_field_id = 'D002' AND document_year = '2024' AND error_message IS NULL;,medium,"[""documents"", ""extraction_results""]","[""champ"", ""filtre"", ""année""]",True,[],True,,False,3,1,1,42d2b8bc097be9a5cda21f031a5fe33acc6e337e5b4ebfd697acac054b35a3fe
cand_000176,Quel est le nombre de documents avec un masque M4_CFU et un budget type BP en 2024 ?,SELECT COUNT(*) FROM documents WHERE mask = 'M4_CFU' AND budget_type = 'BP' AND document_year = '2024';,medium,"[""documents""]","[""masque"", ""budget"", ""année""]",True,[],True,,False,0,1,1,42d2b8bc097be9a5cda21f031a5fe33acc6e337e5b4ebfd697acac054b35a3fe
cand_000177,"Quel est le total des valeurs du champ D001 pour les documents en 2024, excluant les documents avec avertissements ou erreurs ?",SELECT SUM(CAST(value AS REAL)) AS total_d001 FROM documents JOIN extraction_results ON documents.document_id = extraction_results.document_id WHERE safir_field_id = 'D001' AND document_year = '2024' AND error_message IS NULL AND warning_message IS NULL;,hard,"[""documents"", ""extraction_results""]","[""champ"", ""filtre"", ""année""]",True,[],True,,False,3,1,1,42d2b8bc097be9a5cda21f031a5fe33acc6e337e5b4ebfd697acac054b35a3fe
cand_000178,Quelle est la moyenne du nombre de pages pour les documents avec un budget type BA et un état de succès en 2023 ?,SELECT AVG(nb_pages) FROM documents JOIN states ON documents.state_id = states.state_id WHERE budget_type = 'BA' AND states.code = 'SUCCESS' AND document_year = '2023';,hard,"[""documents"", ""states""]","[""budget"", ""pages"", ""année""]",True,[],True,,False,0,1,1,42d2b8bc097be9a5cda21f031a5fe33acc6e337e5b4ebfd697acac054b35a3fe
cand_000179,"Quel est le nombre de documents avec un masque M57_CA et un budget type BP en 2024, regroupé par commune ?","SELECT city_name, COUNT(*) AS count FROM documents WHERE mask = 'M57_CA' AND budget_type = 'BP' AND document_year = '2024' GROUP BY city_name;",hard,"[""documents""]","[""masque"", ""budget"", ""commune"", ""année""]",True,[],True,,False,0,8,2,953cecf768e58fc5ef3876e174a966ffd0d15ffacc378bf578011dae737d5835
cand_000180,"Quel est le total des valeurs du champ DF011 pour les documents en 2024, regroupé par type de budget (BP/BA) ?","SELECT budget_type, SUM(CAST(value AS REAL)) AS total_df011 FROM documents JOIN extraction_results ON documents.document_id = extraction_results.document_id WHERE safir_field_id = 'DF011' AND document_year = '2024' GROUP BY budget_type;",hard,"[""documents"", ""extraction_results""]","[""champ"", ""budget"", ""année""]",True,[],True,,False,3,2,2,ea47249062df91685d440d7ad0ed469d5b55ec66360d7ea0d4fc012118a640e4
cand_000181,"Quel est le nombre de documents avec un masque M57_CA et un état de succès en 2023, regroupé par nombre de pages ?","SELECT nb_pages, COUNT(*) AS count FROM documents JOIN states ON documents.state_id = states.state_id WHERE mask = 'M57_CA' AND states.code = 'SUCCESS' AND document_year = '2023' GROUP BY nb_pages;",hard,"[""documents"", ""states""]","[""masque"", ""état"", ""pages"", ""année""]",True,[],True,,False,0,1,2,13dd83b7161d8236aea72e79dc6f7ab73a1a5dea54ce8096cd889454af0f6414
cand_000182,Quel est le nombre de documents en 2023 avec des avertissements liés aux sections annexes et un budget type BP ?,SELECT COUNT(*) FROM documents WHERE document_year = '2023' AND budget_type = 'BP' AND warning_message LIKE '%sections annexes%';,easy,"[""documents""]","[""filter"", ""count"", ""year"", ""budget_type""]",True,[],True,,False,0,1,1,13dd83b7161d8236aea72e79dc6f7ab73a1a5dea54ce8096cd889454af0f6414
cand_000183,"Quel est le taux de documents en 2024 avec des erreurs dans les champs de recettes, regroupé par commune ?","SELECT city_name, COUNT(*) * 100.0 / COUNT(*) OVER() AS error_rate FROM documents WHERE document_year = '2024' AND (error_message LIKE '%recettes%' OR warning_message LIKE '%recettes%') GROUP BY city_name;",medium,"[""documents""]","[""percent"", ""group_by"", ""filter"", ""year""]",True,[],True,,False,0,6,2,f7690faad2ef7332767d431ebbc0e65e58b43bc8d8876fdd9b34e4e09c96f026
cand_000184,"Quel est le nombre de documents en 2023 avec un masque M57_CA et un budget type BP, regroupé par commune ?","SELECT city_name, COUNT(*) FROM documents WHERE document_year = '2023' AND mask = 'M57_CA' AND budget_type = 'BP' GROUP BY city_name;",easy,"[""documents""]","[""group_by"", ""filter"", ""year"", ""mask"", ""budget_type""]",True,[],True,,False,0,1,2,13dd83b7161d8236aea72e79dc6f7ab73a1a5dea54ce8096cd889454af0f6414
cand_000185,"Quel est le total des dépenses de fonctionnement pour les communes en 2023, excluant les documents avec erreurs ou avertissements ?",SELECT SUM(CAST(value AS REAL)) FROM extraction_results JOIN documents ON extraction_results.document_id = documents.document_id WHERE documents.document_year = '2023' AND extraction_results.safir_field_id = 'Conso' AND documents.state_id = '055813d3-1ea5-48ae-a59b-60381536adc4';,medium,"[""extraction_results"", ""documents""]","[""sum"", ""join"", ""filter"", ""year"", ""field_value""]",True,[],True,,False,0,1,1,13dd83b7161d8236aea72e79dc6f7ab73a1a5dea54ce8096cd889454af0f6414
cand_000186,Quel est le nombre de documents en 2024 contenant la section 'ÉTATS ANNEXÉS' dans leur contenu JSON ?,SELECT COUNT(*) FROM sections JOIN documents ON sections.document_id = documents.document_id WHERE documents.document_year = '2024' AND sections.section_value LIKE '%ÉTATS ANNEXÉS%';,medium,"[""sections"", ""documents""]","[""join"", ""filter"", ""year"", ""section_value""]",True,[],True,,False,13,1,1,13dd83b7161d8236aea72e79dc6f7ab73a1a5dea54ce8096cd889454af0f6414
cand_000187,"Quel est le taux de documents en 2023 avec des erreurs liées à la dette, regroupé par type de budget (BP/BA) ?","SELECT budget_type, COUNT(*) * 100.0 / COUNT(*) OVER() AS error_rate FROM documents WHERE document_year = '2023' AND (error_message LIKE '%dette%' OR warning_message LIKE '%dette%') GROUP BY budget_type;",medium,"[""documents""]","[""percent"", ""group_by"", ""filter"", ""year"", ""budget_type""]",True,[],True,,False,0,1,2,13dd83b7161d8236aea72e79dc6f7ab73a1a5dea54ce8096cd889454af0f6414
cand_000188,"Quel est le nombre moyen de pages par document en 2023, regroupé par type de budget (BP/BA) et par commune, excluant les documents avec erreurs ?","SELECT city_name, budget_type, AVG(nb_pages) FROM documents WHERE document_year = '2023' AND state_id = '055813d3-1ea5-48ae-a59b-60381536adc4' GROUP BY city_name, budget_type;",hard,"[""documents""]","[""avg"", ""group_by"", ""filter"", ""year"", ""budget_type""]",True,[],True,,False,0,0,3,e3b0c44298fc1c149afbf4c8996fb92427ae41e4649b934ca495991b7852b855
cand_000189,"Quel est le nombre de documents en 2023 avec des erreurs d'extraction dans les champs de recettes, triés par nombre de pages décroissant ?","SELECT document_id, nb_pages FROM documents WHERE document_year = '2023' AND (error_message LIKE '%recettes%' OR warning_message LIKE '%recettes%') ORDER BY nb_pages DESC;",medium,"[""documents""]","[""filter"", ""order_by"", ""year"", ""field_value""]",True,[],True,,False,0,1,2,13dd83b7161d8236aea72e79dc6f7ab73a1a5dea54ce8096cd889454af0f6414
cand_000190,"Quel est le nombre de documents en 2024 avec des avertissements sur les sections annexes, triés par nombre de pages décroissant ?","SELECT document_id, nb_pages FROM documents WHERE document_year = '2024' AND warning_message LIKE '%sections annexes%' ORDER BY nb_pages DESC;",easy,"[""documents""]","[""filter"", ""order_by"", ""year"", ""warning_message""]",True,[],True,,False,0,0,2,e3b0c44298fc1c149afbf4c8996fb92427ae41e4649b934ca495991b7852b855
cand_000191,"Quel est le taux de documents en 2024 avec des erreurs liées à la dette, regroupé par commune ?","SELECT city_name, COUNT(*) * 100.0 / COUNT(*) OVER() AS error_rate FROM documents WHERE document_year = '2024' AND (error_message LIKE '%dette%' OR warning_message LIKE '%dette%') GROUP BY city_name;",medium,"[""documents""]","[""percent"", ""group_by"", ""filter"", ""year"", ""city_name""]",True,[],True,,False,0,7,2,c7f0c73466a2278fd5e90acd9a37c7f48c464edfc59759d7aa0724a8425cf24d
cand_000192,Quel est le nombre de documents avec un masque M4_CFU et un budget type BA en 2023 ?,SELECT COUNT(*) FROM documents WHERE document_year = '2023' AND mask = 'M4_CFU' AND budget_type = 'BA';,easy,"[""documents""]","[""count"", ""filter"", ""year"", ""mask"", ""budget_type""]",True,[],True,,False,0,1,1,13dd83b7161d8236aea72e79dc6f7ab73a1a5dea54ce8096cd889454af0f6414
cand_000193,Quel est le nombre de documents en 2024 avec des avertissements sur les sections annexes et un budget type BA ?,SELECT COUNT(*) FROM documents WHERE document_year = '2024' AND warning_message LIKE '%sections annexes%' AND budget_type = 'BA';,easy,"[""documents""]","[""count"", ""filter"", ""year"", ""warning_message"", ""budget_type""]",True,[],True,,False,0,1,1,13dd83b7161d8236aea72e79dc6f7ab73a1a5dea54ce8096cd889454af0f6414
cand_000194,"Quel est le nombre de documents en 2023 avec des erreurs liées à la dette et un nombre de pages supérieur à 200, triés par nombre de pages décroissant ?","SELECT document_id, nb_pages FROM documents WHERE document_year = '2023' AND (error_message LIKE '%dette%' OR warning_message LIKE '%dette%') AND nb_pages > 200 ORDER BY nb_pages DESC;",medium,"[""documents""]","[""filter"", ""order_by"", ""year"", ""field_value"", ""numeric_filter""]",True,[],True,,False,0,1,2,13dd83b7161d8236aea72e79dc6f7ab73a1a5dea54ce8096cd889454af0f6414
cand_000195,Quel est le nombre de documents en 2024 avec des erreurs liées à la dette et un budget type BA ?,SELECT COUNT(*) FROM documents WHERE document_year = '2024' AND (error_message LIKE '%dette%' OR warning_message LIKE '%dette%') AND budget_type = 'BA';,easy,"[""documents""]","[""count"", ""filter"", ""year"", ""field_value"", ""budget_type""]",True,[],True,,False,0,1,1,13dd83b7161d8236aea72e79dc6f7ab73a1a5dea54ce8096cd889454af0f6414
cand_000196,"Quel est le taux de documents en 2024 avec des erreurs liées à la dette, regroupé par commune et type de budget (BP/BA) ?","SELECT d.city_name, d.budget_type, COUNT(*) * 100.0 / (SELECT COUNT(*) FROM documents WHERE document_year = '2024' AND city_name = d.city_name AND budget_type = d.budget_type) AS error_rate FROM documents d JOIN extraction_results er ON d.document_id = er.document_id WHERE d.document_year = '2024' AND er.message_error LIKE '%dette%' GROUP BY d.city_name, d.budget_type",hard,"[""documents"", ""extraction_results""]","[""error_rate"", ""text_search"", ""city_grouping"", ""budget_type_filter"", ""year_filter""]",True,[],True,,False,4,9,3,217a116d77bbb8f30d2d47f07e1ac1451b23aa8e7d175560fbd5e60117c2e8ff
cand_000197,"Quel est le nombre de documents en 2024 avec un état de succès, regroupé par commune ?","SELECT d.city_name, COUNT(*) AS nb_documents
FROM documents d
JOIN states s ON d.state_id = s.state_id
WHERE d.document_year = '2024' AND s.code = 'SUCCESS'
GROUP BY d.city_name;",easy,"[""documents"", ""states""]","[""financial_analysis"", ""document_stats""]",True,[],True,,False,1,18,2,1717f067f59099b4f715b5f4120517f21f7d446674cdb5f9ab815a29e41b93ed
cand_000198,Quelle est la moyenne du nombre de pages des documents en 2023 avec un budget type BP et un état de succès ?,"SELECT AVG(d.nb_pages) AS avg_pages
FROM documents d
JOIN states s ON d.state_id = s.state_id
WHERE d.document_year = '2023' AND d.budget_type = 'BP' AND s.code = 'SUCCESS';",easy,"[""documents"", ""states""]","[""budget_trends"", ""document_stats""]",True,[],True,,False,0,1,1,13dd83b7161d8236aea72e79dc6f7ab73a1a5dea54ce8096cd889454af0f6414
cand_000199,"Quel est le total des valeurs du champ D001 pour les documents en 2024, regroupé par commune et type de budget, excluant les documents avec avertissements ou erreurs ?","SELECT d.city_name, d.budget_type, SUM(CAST(er.value AS REAL)) AS total_D001
FROM documents d
JOIN extraction_results er ON d.document_id = er.document_id
JOIN states s ON d.state_id = s.state_id
WHERE er.safir_field_id = 'D001' AND d.document_year = '2024' AND s.code NOT IN ('ERROR', 'WARNING')
GROUP BY d.city_name, d.budget_type;",medium,"[""documents"", ""extraction_results"", ""states""]","[""financial_aggregates"", ""field_analysis""]",True,[],True,,False,3,20,3,27ec08b06cb15c4d54f91312265c0d16c62e4a7e1615417f6fe811e4bd8ac8d0
cand_000200,"Quels sont les documents en 2024 avec des avertissements liés aux sections annexes et un budget type BA, triés par nombre de pages décroissant ?","SELECT d.document_id, d.city_name, d.nb_pages
FROM documents d
WHERE d.document_year = '2024' AND d.budget_type = 'BA' AND d.warning_message LIKE '%sections annexes%'
ORDER BY d.nb_pages DESC;",hard,"[""documents""]","[""anomaly_detection"", ""document_filtering""]",True,[],True,,False,0,0,3,e3b0c44298fc1c149afbf4c8996fb92427ae41e4649b934ca495991b7852b855
