id,question_fr,sql,difficulty,tags,tables_used,valid_sql,validation_error,generation_model,generated_at_utc,batch_index
cand_000001,Quel est le taux de documents en erreur par année ?,"SELECT documents.document_year, COUNT(*) * 100.0 / (SELECT COUNT(*) FROM documents) AS error_rate_percent FROM documents JOIN states ON documents.state_id = states.state_id WHERE states.code = 'ERROR' GROUP BY documents.document_year;",medium,"[""financial_analysis"", ""error_rate"", ""time_series""]","[""documents"", ""states""]",True,,Qwen/Qwen2.5-7B-Instruct,2026-03-09T23:38:58.472604+00:00,1
cand_000002,Quels sont les 5 communes avec le plus de documents en format scan ?,"SELECT city_name, COUNT(*) AS scan_count FROM documents WHERE format = 'scan' GROUP BY city_name ORDER BY scan_count DESC LIMIT 5;",easy,"[""document_analysis"", ""format_distribution""]","[""documents""]",True,,Qwen/Qwen2.5-7B-Instruct,2026-03-09T23:38:58.473550+00:00,1
cand_000003,Quelle est la moyenne des pages par document pour les documents en 2024 ?,SELECT AVG(nb_pages) AS avg_pages FROM documents WHERE document_year = '2024';,easy,"[""document_analysis"", ""statistical_summary""]","[""documents""]",True,,Qwen/Qwen2.5-7B-Instruct,2026-03-09T23:38:58.473550+00:00,1
cand_000004,Quels sont les types de budget (BP/BA) les plus courants ?,"SELECT budget_type, COUNT(*) AS count FROM documents GROUP BY budget_type ORDER BY count DESC;",easy,"[""budget_type"", ""distribution""]","[""documents""]",True,,Qwen/Qwen2.5-7B-Instruct,2026-03-09T23:38:58.473550+00:00,1
cand_000005,Quel est le nombre de documents avec des avertissements mais sans erreurs ?,SELECT COUNT(*) AS warning_only_count FROM documents WHERE warning_message IS NOT NULL AND error_message IS NULL;,medium,"[""document_quality"", ""error_analysis""]","[""documents""]",True,,Qwen/Qwen2.5-7B-Instruct,2026-03-09T23:38:58.474601+00:00,1
cand_000006,Quelle est la valeur moyenne du champ D001 par année ?,"SELECT documents.document_year, AVG(CAST(extraction_results.value AS REAL)) AS avg_d001 FROM extraction_results JOIN documents ON extraction_results.document_id = documents.document_id WHERE extraction_results.safir_field_id = 'D001' GROUP BY documents.document_year;",hard,"[""financial_metric"", ""time_series"", ""aggregation""]","[""extraction_results"", ""documents""]",True,,Qwen/Qwen2.5-7B-Instruct,2026-03-09T23:38:58.474601+00:00,1
cand_000007,Quels sont les documents avec des erreurs d'extraction dans les champs de dette ?,"SELECT documents.document_id, documents.city_name, extraction_results.safir_field_id, extraction_results.message_error FROM extraction_results JOIN documents ON extraction_results.document_id = documents.document_id WHERE extraction_results.safir_field_id LIKE 'DF%' AND extraction_results.message_error IS NOT NULL;",medium,"[""error_analysis"", ""financial_metric""]","[""extraction_results"", ""documents""]",True,,Qwen/Qwen2.5-7B-Instruct,2026-03-09T23:38:58.474601+00:00,1
cand_000008,Quel est le pourcentage de documents avec succès par type de masque ?,"SELECT mask, COUNT(*) * 100.0 / (SELECT COUNT(*) FROM documents) AS success_rate_percent FROM documents JOIN states ON documents.state_id = states.state_id WHERE states.code = 'SUCCESS' GROUP BY mask;",medium,"[""document_analysis"", ""mask_distribution""]","[""documents"", ""states""]",True,,Qwen/Qwen2.5-7B-Instruct,2026-03-09T23:38:58.475791+00:00,1
cand_000009,Quelle est la commune avec le plus grand nombre de documents en 2023 ?,"SELECT city_name, COUNT(*) AS doc_count FROM documents WHERE document_year = '2023' GROUP BY city_name ORDER BY doc_count DESC LIMIT 1;",easy,"[""document_analysis"", ""city_comparison""]","[""documents""]",True,,Qwen/Qwen2.5-7B-Instruct,2026-03-09T23:38:58.476530+00:00,1
cand_000010,Quels sont les documents avec des erreurs liées à la dette en 2024 ?,"SELECT documents.document_id, documents.city_name, extraction_results.message_error FROM extraction_results JOIN documents ON extraction_results.document_id = documents.document_id WHERE documents.document_year = '2024' AND extraction_results.safir_field_id LIKE 'DF%' AND extraction_results.message_error IS NOT NULL;",medium,"[""error_analysis"", ""financial_metric""]","[""extraction_results"", ""documents""]",True,,Qwen/Qwen2.5-7B-Instruct,2026-03-09T23:38:58.476530+00:00,1
cand_000011,Quelle est la distribution des documents par année et par type de budget ?,"SELECT document_year, budget_type, COUNT(*) AS count FROM documents GROUP BY document_year, budget_type ORDER BY document_year, count DESC;",medium,"[""budget_analysis"", ""time_series""]","[""documents""]",True,,Qwen/Qwen2.5-7B-Instruct,2026-03-09T23:38:58.477611+00:00,1
cand_000012,Quel est le nombre moyen de pages par document par année ?,"SELECT document_year, AVG(nb_pages) AS avg_pages FROM documents GROUP BY document_year;",easy,"[""document_analysis"", ""statistical_summary""]","[""documents""]",True,,Qwen/Qwen2.5-7B-Instruct,2026-03-09T23:38:58.477611+00:00,1
cand_000013,Quels sont les documents avec des avertissements sur les sections annexes ?,"SELECT documents.document_id, documents.city_name, documents.warning_message FROM documents WHERE warning_message LIKE '%sections annexes%';",medium,"[""document_analysis"", ""warning_analysis""]","[""documents""]",True,,Qwen/Qwen2.5-7B-Instruct,2026-03-09T23:38:58.477611+00:00,1
cand_000014,Quel est le pourcentage de documents avec succès en 2024 par commune ?,"SELECT city_name, COUNT(*) * 100.0 / (SELECT COUNT(*) FROM documents WHERE document_year = '2024') AS success_rate_percent FROM documents JOIN states ON documents.state_id = states.state_id WHERE states.code = 'SUCCESS' AND documents.document_year = '2024' GROUP BY city_name;",hard,"[""city_comparison"", ""success_rate""]","[""documents"", ""states""]",True,,Qwen/Qwen2.5-7B-Instruct,2026-03-09T23:38:58.478617+00:00,1
cand_000015,Quels sont les documents avec des erreurs dans les champs de recettes ?,"SELECT documents.document_id, documents.city_name, extraction_results.safir_field_id, extraction_results.message_error FROM extraction_results JOIN documents ON extraction_results.document_id = documents.document_id WHERE extraction_results.safir_field_id LIKE 'RI%' AND extraction_results.message_error IS NOT NULL;",medium,"[""error_analysis"", ""financial_metric""]","[""extraction_results"", ""documents""]",True,,Qwen/Qwen2.5-7B-Instruct,2026-03-09T23:38:58.479605+00:00,1
cand_000016,Quelle est la valeur totale du champ D002 pour les documents en 2023 ?,SELECT SUM(CAST(value AS REAL)) AS total_d002 FROM extraction_results JOIN documents ON extraction_results.document_id = documents.document_id WHERE safir_field_id = 'D002' AND documents.document_year = '2023';,medium,"[""financial_metric"", ""aggregation""]","[""extraction_results"", ""documents""]",True,,Qwen/Qwen2.5-7B-Instruct,2026-03-09T23:38:58.479605+00:00,1
cand_000017,Quels sont les documents avec des avertissements mais pas d'erreurs en 2024 ?,"SELECT document_id, city_name, warning_message FROM documents WHERE document_year = '2024' AND warning_message IS NOT NULL AND error_message IS NULL;",medium,"[""document_quality"", ""warning_analysis""]","[""documents""]",True,,Qwen/Qwen2.5-7B-Instruct,2026-03-09T23:38:58.480596+00:00,1
cand_000018,Quel est le nombre de documents par type de masque et par année ?,"SELECT mask, document_year, COUNT(*) AS count FROM documents GROUP BY mask, document_year;",medium,"[""document_analysis"", ""mask_distribution""]","[""documents""]",True,,Qwen/Qwen2.5-7B-Instruct,2026-03-09T23:38:58.480596+00:00,1
cand_000019,Quelle est la commune avec le plus grand nombre de documents en erreur en 2023 ?,"SELECT city_name, COUNT(*) AS error_count FROM documents JOIN states ON documents.state_id = states.state_id WHERE states.code = 'ERROR' AND document_year = '2023' GROUP BY city_name ORDER BY error_count DESC LIMIT 1;",hard,"[""city_comparison"", ""error_analysis""]","[""documents"", ""states""]",True,,Qwen/Qwen2.5-7B-Instruct,2026-03-09T23:38:58.480596+00:00,1
cand_000020,Quels sont les documents avec des erreurs dans les champs de dépenses en 2024 ?,"SELECT documents.document_id, documents.city_name, extraction_results.safir_field_id, extraction_results.message_error FROM extraction_results JOIN documents ON extraction_results.document_id = documents.document_id WHERE extraction_results.safir_field_id LIKE 'DF%' AND extraction_results.message_error IS NOT NULL AND documents.document_year = '2024';",medium,"[""error_analysis"", ""financial_metric""]","[""extraction_results"", ""documents""]",True,,Qwen/Qwen2.5-7B-Instruct,2026-03-09T23:38:58.481606+00:00,1
cand_000021,Quelle est la moyenne du nombre de pages par document pour les documents en 2023 ?,SELECT AVG(nb_pages) FROM documents WHERE document_year = '2023';,easy,"[""financial_analysis"", ""document_stats""]","[""documents""]",True,,Qwen/Qwen2.5-7B-Instruct,2026-03-09T23:39:39.318120+00:00,2
cand_000022,Quels sont les 5 communes avec le plus de documents en format scan en 2024 ?,"SELECT city_name, COUNT(*) AS count FROM documents WHERE format = 'scan' AND document_year = '2024' GROUP BY city_name ORDER BY count DESC LIMIT 5;",medium,"[""document_analysis"", ""format_distribution""]","[""documents""]",True,,Qwen/Qwen2.5-7B-Instruct,2026-03-09T23:39:39.318120+00:00,2
cand_000023,Quel est le pourcentage de documents avec succès en 2023 par commune ?,"SELECT city_name, (COUNT(CASE WHEN state_id IN (SELECT state_id FROM states WHERE code = 'SUCCESS') THEN 1 END) * 100.0 / COUNT(*)) AS success_rate FROM documents WHERE document_year = '2023' GROUP BY city_name;",medium,"[""success_rate"", ""commune_analysis""]","[""documents"", ""states""]",True,,Qwen/Qwen2.5-7B-Instruct,2026-03-09T23:39:39.318120+00:00,2
cand_000024,Quelle est la valeur totale du champ D001 pour les documents en 2023 ?,SELECT SUM(CAST(value AS REAL)) AS total_D001 FROM extraction_results JOIN documents ON extraction_results.document_id = documents.document_id WHERE safir_field_id = 'D001' AND documents.document_year = '2023';,medium,"[""financial_aggregation"", ""field_analysis""]","[""extraction_results"", ""documents""]",True,,Qwen/Qwen2.5-7B-Instruct,2026-03-09T23:39:39.318120+00:00,2
cand_000025,Quel est le nombre de documents avec des avertissements mais pas d'erreurs en 2024 ?,SELECT COUNT(*) FROM documents WHERE document_year = '2024' AND warning_message IS NOT NULL AND error_message IS NULL;,easy,"[""warning_analysis"", ""document_stats""]","[""documents""]",True,,Qwen/Qwen2.5-7B-Instruct,2026-03-09T23:39:39.318120+00:00,2
cand_000026,Quels sont les types de budget (BP/BA) les plus courants en 2023 ?,"SELECT budget_type, COUNT(*) AS count FROM documents WHERE document_year = '2023' GROUP BY budget_type ORDER BY count DESC;",easy,"[""budget_type"", ""document_stats""]","[""documents""]",True,,Qwen/Qwen2.5-7B-Instruct,2026-03-09T23:39:39.318120+00:00,2
cand_000027,Quels sont les documents avec des erreurs d'extraction dans les champs de recettes ?,"SELECT documents.document_id, documents.city_name FROM documents JOIN extraction_results ON documents.document_id = extraction_results.document_id WHERE extraction_results.message_error LIKE '%recettes%';",medium,"[""error_analysis"", ""revenue_fields""]","[""documents"", ""extraction_results""]",True,,Qwen/Qwen2.5-7B-Instruct,2026-03-09T23:39:39.318120+00:00,2
cand_000028,Quel est le top 5 des communes avec le plus de documents en 2023 ?,"SELECT city_name, COUNT(*) AS count FROM documents WHERE document_year = '2023' GROUP BY city_name ORDER BY count DESC LIMIT 5;",easy,"[""commune_analysis"", ""document_stats""]","[""documents""]",True,,Qwen/Qwen2.5-7B-Instruct,2026-03-09T23:39:39.318120+00:00,2
cand_000029,Quelle est la moyenne du nombre de pages par document pour les documents en 2024 ?,SELECT AVG(nb_pages) FROM documents WHERE document_year = '2024',easy,"[""financial_analysis"", ""document_stats""]","[""documents""]",True,,Qwen/Qwen2.5-7B-Instruct,2026-03-09T23:40:29.631272+00:00,3
cand_000030,Quel est le nombre total de documents en 2023 ?,SELECT COUNT(*) FROM documents WHERE document_year = '2023',easy,"[""document_stats"", ""yearly_analysis""]","[""documents""]",True,,Qwen/Qwen2.5-7B-Instruct,2026-03-09T23:40:29.631272+00:00,3
cand_000031,Quels sont les 5 types de masque les plus courants ?,"SELECT mask, COUNT(*) AS count FROM documents GROUP BY mask ORDER BY count DESC LIMIT 5",easy,"[""document_stats"", ""mask_analysis""]","[""documents""]",True,,Qwen/Qwen2.5-7B-Instruct,2026-03-09T23:40:29.631272+00:00,3
cand_000032,Quel est le nombre de documents avec succès en 2024 par commune ?,"SELECT d.city_name, COUNT(*) AS success_count FROM documents d JOIN states s ON d.state_id = s.state_id WHERE s.code = 'SUCCESS' AND d.document_year = '2024' GROUP BY d.city_name",medium,"[""budget_comparison"", ""success_rate""]","[""documents"", ""states""]",True,,Qwen/Qwen2.5-7B-Instruct,2026-03-09T23:40:29.641962+00:00,3
cand_000033,Quelle est la distribution des documents par année et par type de budget (BP/BA) ?,"SELECT document_year, budget_type, COUNT(*) AS count FROM documents GROUP BY document_year, budget_type",medium,"[""budget_structure"", ""yearly_analysis""]","[""documents""]",True,,Qwen/Qwen2.5-7B-Instruct,2026-03-09T23:40:29.641962+00:00,3
cand_000034,Quels sont les documents avec des avertissements mais pas d'erreurs en 2023 ?,SELECT * FROM documents WHERE document_year = '2023' AND warning_message IS NOT NULL AND error_message IS NULL,medium,"[""error_analysis"", ""document_quality""]","[""documents""]",True,,Qwen/Qwen2.5-7B-Instruct,2026-03-09T23:40:29.641962+00:00,3
cand_000035,"Quel est le total des valeurs du champ D001 pour les documents en 2024, en excluant les documents avec erreurs ?",SELECT SUM(CAST(value AS REAL)) AS total_D001 FROM extraction_results er JOIN documents d ON er.document_id = d.document_id WHERE er.safir_field_id = 'D001' AND d.document_year = '2024' AND d.state_id IN (SELECT state_id FROM states WHERE code = 'SUCCESS'),hard,"[""financial_aggregates"", ""error_filtering""]","[""extraction_results"", ""documents"", ""states""]",True,,Qwen/Qwen2.5-7B-Instruct,2026-03-09T23:40:29.643343+00:00,3
cand_000036,Quels sont les documents où l'extraction du champ DF011 a échoué en 2023 ?,SELECT d.document_id FROM extraction_results er JOIN documents d ON er.document_id = d.document_id WHERE er.safir_field_id = 'DF011' AND d.document_year = '2023' AND er.message_error IS NOT NULL,hard,"[""error_analysis"", ""field_validation""]","[""extraction_results"", ""documents""]",True,,Qwen/Qwen2.5-7B-Instruct,2026-03-09T23:40:29.643343+00:00,3
cand_000037,Quelle est la moyenne du nombre de pages par document pour les documents en format scan en 2024 ?,SELECT AVG(nb_pages) FROM documents WHERE format = 'scan' AND document_year = '2024',easy,"[""document_stats"", ""format_analysis""]","[""documents""]",True,,Qwen/Qwen2.5-7B-Instruct,2026-03-09T23:40:29.643343+00:00,3
cand_000038,Quel est le nombre moyen de pages par document pour les documents en 2023 ?,SELECT AVG(nb_pages) FROM documents WHERE document_year = '2023',easy,"[""document_stats"", ""yearly_analysis""]","[""documents""]",True,,Qwen/Qwen2.5-7B-Instruct,2026-03-09T23:40:29.643343+00:00,3
cand_000039,Quels sont les documents avec des erreurs dans les champs de recettes en 2024 ?,SELECT * FROM extraction_results er JOIN documents d ON er.document_id = d.document_id WHERE er.message_error LIKE '%recettes%' AND d.document_year = '2024',medium,"[""error_analysis"", ""revenue_fields""]","[""extraction_results"", ""documents""]",True,,Qwen/Qwen2.5-7B-Instruct,2026-03-09T23:40:29.643343+00:00,3
cand_000040,Quel est le nombre de documents avec des erreurs d'extraction dans les champs de dépenses en 2024 ?,SELECT COUNT(*) FROM extraction_results er JOIN documents d ON er.document_id = d.document_id WHERE er.message_error LIKE '%dépenses%' AND d.document_year = '2024',hard,"[""error_analysis"", ""expense_fields""]","[""extraction_results"", ""documents""]",True,,Qwen/Qwen2.5-7B-Instruct,2026-03-09T23:40:29.643343+00:00,3
cand_000041,Quel est le nombre total de documents en 2024 ?,SELECT COUNT(*) FROM documents WHERE document_year = '2024';,easy,"[""document_stats"", ""year_filter""]","[""documents""]",True,,Qwen/Qwen2.5-7B-Instruct,2026-03-09T23:41:16.871556+00:00,4
cand_000042,Quels sont les documents avec des erreurs d'extraction dans les champs de recettes en 2024 ?,"SELECT d.document_id, d.city_name, e.safir_field_id, e.value FROM documents d JOIN extraction_results e ON d.document_id = e.document_id WHERE d.document_year = '2024' AND e.safir_field_id LIKE 'R%' AND e.message_error IS NOT NULL;",medium,"[""error_analysis"", ""field_filter"", ""year_filter""]","[""documents"", ""extraction_results""]",True,,Qwen/Qwen2.5-7B-Instruct,2026-03-09T23:41:16.871556+00:00,4
cand_000043,"Quel est le taux de documents avec succès en 2024, par commune, trié par nombre de documents décroissant ?","SELECT d.city_name, COUNT(*) AS total_documents, SUM(CASE WHEN s.code = 'SUCCESS' THEN 1 ELSE 0 END) AS success_count, ROUND((SUM(CASE WHEN s.code = 'SUCCESS' THEN 1 ELSE 0 END) * 100.0 / COUNT(*)), 2) AS success_rate FROM documents d JOIN states s ON d.state_id = s.state_id WHERE d.document_year = '2024' GROUP BY d.city_name ORDER BY total_documents DESC;",hard,"[""success_rate"", ""group_by"", ""join""]","[""documents"", ""states""]",True,,Qwen/Qwen2.5-7B-Instruct,2026-03-09T23:41:16.872594+00:00,4
cand_000044,Quels sont les 5 types de masque les plus courants en 2024 ?,"SELECT mask, COUNT(*) AS count FROM documents WHERE document_year = '2024' GROUP BY mask ORDER BY count DESC LIMIT 5;",easy,"[""mask_distribution"", ""group_by""]","[""documents""]",True,,Qwen/Qwen2.5-7B-Instruct,2026-03-09T23:41:16.872594+00:00,4
cand_000045,Quel est le nombre de documents avec des erreurs liées à la dette en 2024 ?,SELECT COUNT(*) FROM documents d JOIN extraction_results e ON d.document_id = e.document_id WHERE d.document_year = '2024' AND e.safir_field_id LIKE 'D%' AND e.message_error IS NOT NULL;,medium,"[""error_analysis"", ""field_filter"", ""year_filter""]","[""documents"", ""extraction_results""]",True,,Qwen/Qwen2.5-7B-Instruct,2026-03-09T23:41:16.872594+00:00,4
cand_000046,"Quelle est la valeur totale du champ D001 pour les documents en 2024, en excluant les documents avec erreurs ?",SELECT SUM(CAST(value AS REAL)) AS total_D001 FROM extraction_results e JOIN documents d ON e.document_id = d.document_id WHERE d.document_year = '2024' AND e.safir_field_id = 'D001' AND e.message_error IS NULL;,hard,"[""value_aggregation"", ""field_filter"", ""error_filter""]","[""documents"", ""extraction_results""]",True,,Qwen/Qwen2.5-7B-Instruct,2026-03-09T23:41:16.873561+00:00,4
cand_000047,Quel est le pourcentage de documents avec succès en 2024 par type de masque ?,"SELECT mask, ROUND((COUNT(CASE WHEN s.code = 'SUCCESS' THEN 1 END) * 100.0 / COUNT(*)), 2) AS success_rate FROM documents d JOIN states s ON d.state_id = s.state_id WHERE d.document_year = '2024' GROUP BY mask;",hard,"[""success_rate"", ""mask_filter"", ""join""]","[""documents"", ""states""]",True,,Qwen/Qwen2.5-7B-Instruct,2026-03-09T23:41:16.873561+00:00,4
cand_000048,Quels sont les documents avec des avertissements sur les sections annexes en 2024 ?,"SELECT document_id, warning_message FROM documents WHERE document_year = '2024' AND warning_message LIKE '%annexes%';",medium,"[""warning_analysis"", ""text_filter"", ""year_filter""]","[""documents""]",True,,Qwen/Qwen2.5-7B-Instruct,2026-03-09T23:41:16.873561+00:00,4
cand_000049,Quel est le nombre moyen de pages par document pour les documents en format scan en 2024 ?,SELECT AVG(nb_pages) FROM documents WHERE document_year = '2024' AND format = 'scan';,medium,"[""avg_calculation"", ""format_filter"", ""year_filter""]","[""documents""]",True,,Qwen/Qwen2.5-7B-Instruct,2026-03-09T23:41:16.873561+00:00,4
cand_000050,Quels sont les documents avec des erreurs d'extraction dans les champs de recettes en 2023 ?,"SELECT d.document_id, d.city_name, e.safir_field_id, e.value FROM documents d JOIN extraction_results e ON d.document_id = e.document_id WHERE d.document_year = '2023' AND e.safir_field_id LIKE 'R%' AND e.message_error IS NOT NULL;",medium,"[""error_analysis"", ""field_filter"", ""year_filter""]","[""documents"", ""extraction_results""]",True,,Qwen/Qwen2.5-7B-Instruct,2026-03-09T23:41:16.874558+00:00,4
cand_000051,Quel est le nombre de documents avec des avertissements mais pas d'erreurs en 2023 ?,SELECT COUNT(*) FROM documents WHERE document_year = '2023' AND warning_message IS NOT NULL AND error_message IS NULL;,medium,"[""warning_analysis"", ""filter_combination"", ""year_filter""]","[""documents""]",True,,Qwen/Qwen2.5-7B-Instruct,2026-03-09T23:41:16.874558+00:00,4
cand_000052,Quel est le nombre de documents avec succès en 2024 par type de budget (BP/BA) ?,"SELECT budget_type, COUNT(*) AS success_count FROM documents d JOIN states s ON d.state_id = s.state_id WHERE d.document_year = '2024' AND s.code = 'SUCCESS' GROUP BY budget_type;",medium,"[""success_count"", ""budget_type"", ""join""]","[""documents"", ""states""]",True,,Qwen/Qwen2.5-7B-Instruct,2026-03-09T23:41:16.874558+00:00,4
cand_000053,Quelle est la commune avec le plus grand nombre de documents en 2024 ?,"SELECT city_name, COUNT(*) AS nb_docs FROM documents WHERE document_year = '2024' GROUP BY city_name ORDER BY nb_docs DESC LIMIT 1",easy,"[""city_analysis"", ""top_entity""]","[""documents""]",True,,Qwen/Qwen2.5-7B-Instruct,2026-03-09T23:41:57.215837+00:00,5
cand_000054,Quels sont les 5 types de masque les plus courants en 2023 ?,"SELECT mask, COUNT(*) AS count FROM documents WHERE document_year = '2023' GROUP BY mask ORDER BY count DESC LIMIT 5",easy,"[""mask_distribution"", ""year_filter""]","[""documents""]",True,,Qwen/Qwen2.5-7B-Instruct,2026-03-09T23:41:57.215837+00:00,5
cand_000055,"Quel est le nombre de documents avec succès en 2024 par commune, trié par nombre de documents décroissant ?","SELECT city_name, COUNT(*) AS success_count FROM documents WHERE document_year = '2024' AND state_id IN (SELECT state_id FROM states WHERE code = 'SUCCESS') GROUP BY city_name ORDER BY success_count DESC",medium,"[""success_rate"", ""city_analysis""]","[""documents"", ""states""]",True,,Qwen/Qwen2.5-7B-Instruct,2026-03-09T23:41:57.215837+00:00,5
cand_000056,"Quelle est la valeur totale du champ D002 pour les documents en 2023, en excluant les documents avec erreurs ?",SELECT SUM(CAST(value AS REAL)) AS total_D002 FROM extraction_results JOIN documents ON extraction_results.document_id = documents.document_id WHERE documents.document_year = '2023' AND documents.state_id IN (SELECT state_id FROM states WHERE code = 'SUCCESS') AND safir_field_id = 'D002',medium,"[""financial_aggregation"", ""error_exclusion""]","[""extraction_results"", ""documents"", ""states""]",True,,Qwen/Qwen2.5-7B-Instruct,2026-03-09T23:41:57.218827+00:00,5
cand_000057,Quel est le pourcentage de documents avec succès en 2023 par type de masque ?,"SELECT mask, COUNT(*) * 100.0 / (SELECT COUNT(*) FROM documents WHERE document_year = '2023') AS success_rate FROM documents WHERE document_year = '2023' AND state_id IN (SELECT state_id FROM states WHERE code = 'SUCCESS') GROUP BY mask",medium,"[""success_rate"", ""mask_filter""]","[""documents"", ""states""]",True,,Qwen/Qwen2.5-7B-Instruct,2026-03-09T23:41:57.219400+00:00,5
cand_000058,Quel est le pourcentage de documents avec succès en 2024 ?,SELECT (COUNT(CASE WHEN s.code = 'SUCCESS' THEN 1 END) * 100.0 / COUNT(*)) AS success_rate FROM documents d JOIN states s ON d.state_id = s.state_id WHERE d.document_year = '2024';,medium,"[""percentage"", ""state_filter"", ""year_filter""]","[""documents"", ""states""]",True,,Qwen/Qwen2.5-7B-Instruct,2026-03-09T23:42:45.803936+00:00,6
cand_000059,Quels sont les 5 communes avec le plus de documents en 2024 ?,"SELECT city_name, COUNT(*) AS document_count FROM documents WHERE document_year = '2024' GROUP BY city_name ORDER BY document_count DESC LIMIT 5;",medium,"[""top_n"", ""group_by"", ""year_filter""]","[""documents""]",True,,Qwen/Qwen2.5-7B-Instruct,2026-03-09T23:42:45.803936+00:00,6
cand_000060,Quel est le nombre moyen de pages par document en 2023 ?,SELECT AVG(nb_pages) AS avg_pages FROM documents WHERE document_year = '2023';,easy,"[""average"", ""year_filter""]","[""documents""]",True,,Qwen/Qwen2.5-7B-Instruct,2026-03-09T23:42:45.803936+00:00,6
cand_000061,Quelle est la distribution des types de budget (BP/BA) en 2023 ?,"SELECT budget_type, COUNT(*) AS count FROM documents WHERE document_year = '2023' GROUP BY budget_type;",easy,"[""group_by"", ""year_filter""]","[""documents""]",True,,Qwen/Qwen2.5-7B-Instruct,2026-03-09T23:42:45.803936+00:00,6
cand_000062,Quel est le taux de documents en erreur par commune en 2024 ?,"SELECT city_name, (COUNT(CASE WHEN s.code = 'ERROR' THEN 1 END) * 100.0 / COUNT(*)) AS error_rate FROM documents d JOIN states s ON d.state_id = s.state_id WHERE d.document_year = '2024' GROUP BY city_name;",hard,"[""percentage"", ""group_by"", ""state_filter"", ""year_filter""]","[""documents"", ""states""]",True,,Qwen/Qwen2.5-7B-Instruct,2026-03-09T23:42:45.805949+00:00,6
cand_000063,"Quelle est la valeur totale du champ D001 pour les documents en 2023, en excluant les documents avec erreurs ?",SELECT SUM(CAST(value AS REAL)) AS total_D001 FROM extraction_results er JOIN documents d ON er.document_id = d.document_id WHERE er.safir_field_id = 'D001' AND d.document_year = '2023' AND d.state_id NOT IN (SELECT state_id FROM states WHERE code = 'ERROR');,hard,"[""sum"", ""field_filter"", ""year_filter"", ""state_filter""]","[""extraction_results"", ""documents"", ""states""]",True,,Qwen/Qwen2.5-7B-Instruct,2026-03-09T23:42:45.805949+00:00,6
cand_000064,Quel est le nombre de documents avec des erreurs dans les champs de recettes en 2024 ?,SELECT COUNT(*) FROM extraction_results er JOIN documents d ON er.document_id = d.document_id WHERE er.safir_field_id LIKE 'R%' AND er.message_error IS NOT NULL AND d.document_year = '2024';,medium,"[""count"", ""field_pattern"", ""error_filter"", ""year_filter""]","[""extraction_results"", ""documents""]",True,,Qwen/Qwen2.5-7B-Instruct,2026-03-09T23:42:45.805949+00:00,6
cand_000065,Quels sont les documents avec des erreurs d'extraction dans les champs de dépenses en 2024 ?,"SELECT d.document_id, d.city_name FROM documents d JOIN extraction_results er ON d.document_id = er.document_id WHERE er.safir_field_id LIKE 'D%' AND er.message_error IS NOT NULL AND d.document_year = '2024';",medium,"[""error_filter"", ""field_pattern"", ""year_filter""]","[""documents"", ""extraction_results""]",True,,Qwen/Qwen2.5-7B-Instruct,2026-03-09T23:42:45.805949+00:00,6
cand_000066,Quels sont les documents avec des erreurs liées à la dette en 2024 et un nombre de pages supérieur à 100 ?,"SELECT d.document_id, d.city_name, d.nb_pages FROM documents d WHERE d.document_year = '2024' AND d.error_message LIKE '%dette%' AND d.nb_pages > 100;",medium,"[""text_search"", ""numeric_filter"", ""year_filter"", ""error_filter""]","[""documents""]",True,,Qwen/Qwen2.5-7B-Instruct,2026-03-09T23:42:45.805949+00:00,6
cand_000067,"Quels sont les documents avec des avertissements mais pas d'erreurs en 2023, triés par nombre de pages décroissant ?","SELECT d.document_id, d.city_name, d.nb_pages FROM documents d WHERE d.document_year = '2023' AND d.warning_message IS NOT NULL AND d.error_message IS NULL ORDER BY d.nb_pages DESC;",medium,"[""filter_combination"", ""year_filter"", ""sort""]","[""documents""]",True,,Qwen/Qwen2.5-7B-Instruct,2026-03-09T23:42:45.805949+00:00,6
cand_000068,Quel est le nombre total de documents en 2023 avec un état de succès ?,SELECT COUNT(*) FROM documents d JOIN states s ON d.state_id = s.state_id WHERE s.code = 'SUCCESS' AND d.document_year = '2023',easy,"[""financial_analysis"", ""document_stats""]","[""documents"", ""states""]",True,,Qwen/Qwen2.5-7B-Instruct,2026-03-09T23:43:51.243341+00:00,7
cand_000069,Quelle est la commune avec le plus de documents en 2024 ayant un état de succès ?,"SELECT d.city_name, COUNT(*) AS count FROM documents d JOIN states s ON d.state_id = s.state_id WHERE s.code = 'SUCCESS' AND d.document_year = '2024' GROUP BY d.city_name ORDER BY count DESC LIMIT 1",medium,"[""financial_analysis"", ""commune_stats""]","[""documents"", ""states""]",True,,Qwen/Qwen2.5-7B-Instruct,2026-03-09T23:43:51.243341+00:00,7
cand_000070,"Quelle est la répartition des formats de documents (pdf, scan, image) en 2023 ?","SELECT format, COUNT(*) FROM documents WHERE document_year = '2023' GROUP BY format",easy,"[""document_stats"", ""format_analysis""]","[""documents""]",True,,Qwen/Qwen2.5-7B-Instruct,2026-03-09T23:43:51.244903+00:00,7
cand_000071,Quels sont les documents en 2023 avec des erreurs dans les champs de recettes ?,"SELECT d.document_id FROM documents d JOIN extraction_results r ON d.document_id = r.document_id WHERE r.safir_field_id IN ('Conso', 'D001') AND r.message_error IS NOT NULL AND d.document_year = '2023'",medium,"[""error_analysis"", ""financial_data""]","[""documents"", ""extraction_results""]",True,,Qwen/Qwen2.5-7B-Instruct,2026-03-09T23:43:51.245528+00:00,7
cand_000072,"Quelle est la valeur totale du champ D002 pour les documents en 2024, en excluant les documents avec erreurs ?",SELECT SUM(CAST(value AS REAL)) FROM extraction_results r JOIN documents d ON r.document_id = d.document_id WHERE r.safir_field_id = 'D002' AND d.document_year = '2024' AND r.message_error IS NULL,medium,"[""financial_data"", ""aggregation""]","[""extraction_results"", ""documents""]",True,,Qwen/Qwen2.5-7B-Instruct,2026-03-09T23:43:51.245528+00:00,7
cand_000073,Quels sont les documents en 2023 avec des avertissements mais pas d'erreurs ?,SELECT d.document_id FROM documents d JOIN extraction_results r ON d.document_id = r.document_id WHERE r.message_warning IS NOT NULL AND r.message_error IS NULL AND d.document_year = '2023',medium,"[""error_analysis"", ""warning_analysis""]","[""documents"", ""extraction_results""]",True,,Qwen/Qwen2.5-7B-Instruct,2026-03-09T23:43:51.245528+00:00,7
cand_000074,Quel est le nombre de documents avec des erreurs liées à la dette en 2024 et un nombre de pages supérieur à 100 ?,SELECT COUNT(*) FROM documents d WHERE d.document_year = '2024' AND d.nb_pages > 100 AND d.error_message LIKE '%dette%',medium,"[""error_analysis"", ""document_stats""]","[""documents""]",True,,Qwen/Qwen2.5-7B-Instruct,2026-03-09T23:43:51.245528+00:00,7
cand_000075,"Quelle est la valeur totale du champ DF011 pour les documents en 2023, en excluant les documents avec erreurs ?",SELECT SUM(CAST(value AS REAL)) FROM extraction_results r JOIN documents d ON r.document_id = d.document_id WHERE r.safir_field_id = 'DF011' AND d.document_year = '2023' AND r.message_error IS NULL,medium,"[""financial_data"", ""aggregation""]","[""extraction_results"", ""documents""]",True,,Qwen/Qwen2.5-7B-Instruct,2026-03-09T23:43:51.245528+00:00,7
cand_000076,Quels sont les documents en 2024 avec des erreurs d'extraction dans les champs de dépenses ?,"SELECT d.document_id FROM documents d JOIN extraction_results r ON d.document_id = r.document_id WHERE r.safir_field_id IN ('D001', 'D002') AND r.message_error IS NOT NULL AND d.document_year = '2024'",medium,"[""error_analysis"", ""financial_data""]","[""documents"", ""extraction_results""]",True,,Qwen/Qwen2.5-7B-Instruct,2026-03-09T23:43:51.245528+00:00,7
cand_000077,Quel est le nombre total de documents en 2024 avec un état de succès et un budget type BP ?,SELECT COUNT(*) FROM documents d JOIN states s ON d.state_id = s.state_id WHERE s.code = 'SUCCESS' AND d.budget_type = 'BP' AND d.document_year = '2024',medium,"[""financial_analysis"", ""budget_type""]","[""documents"", ""states""]",True,,Qwen/Qwen2.5-7B-Instruct,2026-03-09T23:43:51.245528+00:00,7
cand_000078,Quelle est la moyenne du nombre de pages par document pour les documents en 2024 avec un état de succès ?,SELECT AVG(nb_pages) FROM documents WHERE state_id IN (SELECT state_id FROM states WHERE code = 'SUCCESS') AND document_year = '2024',medium,"[""document_stats"", ""financial_analysis""]","[""documents"", ""states""]",True,,Qwen/Qwen2.5-7B-Instruct,2026-03-09T23:43:51.245528+00:00,7
cand_000079,Quels sont les documents en 2023 avec des avertissements sur les sections annexes ?,SELECT d.document_id FROM documents d JOIN extraction_results r ON d.document_id = r.document_id WHERE r.message_warning LIKE '%annexes%' AND d.document_year = '2023',medium,"[""warning_analysis"", ""financial_data""]","[""documents"", ""extraction_results""]",True,,Qwen/Qwen2.5-7B-Instruct,2026-03-09T23:43:51.245528+00:00,7
cand_000080,"Quel est le nombre de documents avec des erreurs liées à la dette en 2024, regroupé par commune ?","SELECT d.city_name, COUNT(*) FROM documents d WHERE d.document_year = '2024' AND d.error_message LIKE '%dette%' GROUP BY d.city_name",medium,"[""error_analysis"", ""commune_stats""]","[""documents""]",True,,Qwen/Qwen2.5-7B-Instruct,2026-03-09T23:43:51.245528+00:00,7
cand_000081,Quels sont les documents en 2024 avec des erreurs d'extraction dans les champs de recettes et un nombre de pages supérieur à 200 ?,"SELECT d.document_id FROM documents d JOIN extraction_results r ON d.document_id = r.document_id WHERE r.safir_field_id IN ('Conso', 'D001') AND r.message_error IS NOT NULL AND d.nb_pages > 200 AND d.document_year = '2024'",hard,"[""error_analysis"", ""financial_data""]","[""documents"", ""extraction_results""]",True,,Qwen/Qwen2.5-7B-Instruct,2026-03-09T23:43:51.245528+00:00,7
cand_000082,"Quel est le total des valeurs du champ D001 pour les documents en 2024, en excluant les documents avec erreurs, regroupé par commune ?","SELECT d.city_name, SUM(CAST(r.value AS REAL)) FROM documents d JOIN extraction_results r ON d.document_id = r.document_id WHERE r.safir_field_id = 'D001' AND d.document_year = '2024' AND r.message_error IS NULL GROUP BY d.city_name",hard,"[""financial_data"", ""commune_stats""]","[""documents"", ""extraction_results""]",True,,Qwen/Qwen2.5-7B-Instruct,2026-03-09T23:43:51.245528+00:00,7
cand_000083,"Quels sont les documents en 2023 avec des avertissements mais pas d'erreurs, triés par nombre de pages décroissant ?","SELECT d.document_id, d.nb_pages FROM documents d JOIN extraction_results r ON d.document_id = r.document_id WHERE r.message_warning IS NOT NULL AND r.message_error IS NULL AND d.document_year = '2023' ORDER BY d.nb_pages DESC",hard,"[""warning_analysis"", ""document_stats""]","[""documents"", ""extraction_results""]",True,,Qwen/Qwen2.5-7B-Instruct,2026-03-09T23:43:51.245528+00:00,7
cand_000084,Quel est le nombre total de documents en 2024 avec un état de succès ?,SELECT COUNT(*) FROM documents WHERE document_year = '2024' AND state_id IN (SELECT state_id FROM states WHERE code = 'SUCCESS'),easy,"[""financial_analysis"", ""document_status""]","[""documents"", ""states""]",True,,Qwen/Qwen2.5-7B-Instruct,2026-03-09T23:45:32.203380+00:00,9
cand_000085,Quelle est la moyenne du nombre de pages par document pour les documents en format scan en 2023 ?,SELECT AVG(nb_pages) FROM documents WHERE format = 'scan' AND document_year = '2023',easy,"[""document_metrics"", ""format_analysis""]","[""documents""]",True,,Qwen/Qwen2.5-7B-Instruct,2026-03-09T23:45:32.203380+00:00,9
cand_000086,Quel est le pourcentage de documents avec succès en 2024 par type de budget (BP/BA) ?,"SELECT budget_type, (COUNT(*) * 100.0 / (SELECT COUNT(*) FROM documents WHERE document_year = '2024')) AS percentage FROM documents WHERE document_year = '2024' GROUP BY budget_type",medium,"[""budget_type"", ""success_rate""]","[""documents""]",True,,Qwen/Qwen2.5-7B-Instruct,2026-03-09T23:45:32.203380+00:00,9
cand_000087,"Quel est le total des valeurs du champ D002 pour les documents en 2023, en excluant les documents avec erreurs ?",SELECT SUM(CAST(value AS REAL)) FROM extraction_results WHERE safir_field_id = 'D002' AND document_id IN (SELECT document_id FROM documents WHERE document_year = '2023' AND state_id IN (SELECT state_id FROM states WHERE code = 'SUCCESS')),medium,"[""financial_aggregation"", ""error_filtering""]","[""extraction_results"", ""documents"", ""states""]",True,,Qwen/Qwen2.5-7B-Instruct,2026-03-09T23:45:32.203380+00:00,9
cand_000088,Quels sont les documents en 2024 avec des erreurs d'extraction dans les champs de dépenses et un nombre de pages supérieur à 200 ?,SELECT d.document_id FROM documents d JOIN extraction_results er ON d.document_id = er.document_id WHERE er.safir_field_id LIKE 'D%' AND er.message_error IS NOT NULL AND d.nb_pages > 200 AND d.document_year = '2024',medium,"[""error_analysis"", ""expense_fields""]","[""documents"", ""extraction_results""]",True,,Qwen/Qwen2.5-7B-Instruct,2026-03-09T23:45:32.203380+00:00,9
cand_000089,"Quel est le total des valeurs du champ DF011 pour les documents en 2023, en excluant les documents avec erreurs ?",SELECT SUM(CAST(value AS REAL)) FROM extraction_results WHERE safir_field_id = 'DF011' AND document_id IN (SELECT document_id FROM documents WHERE document_year = '2023' AND state_id IN (SELECT state_id FROM states WHERE code = 'SUCCESS')),medium,"[""financial_aggregation"", ""error_filtering""]","[""extraction_results"", ""documents"", ""states""]",True,,Qwen/Qwen2.5-7B-Instruct,2026-03-09T23:45:32.206178+00:00,9
cand_000090,Quel est le nombre de documents en format scan en 2024 ?,SELECT COUNT(*) FROM documents WHERE format = 'scan' AND document_year = '2024',easy,"[""count"", ""filter"", ""document_format""]","[""documents""]",True,,Qwen/Qwen2.5-7B-Instruct,2026-03-09T23:46:33.713803+00:00,10
cand_000091,Quels sont les 5 communes avec le plus de documents en 2023 ?,"SELECT city_name, COUNT(*) AS nb_documents FROM documents WHERE document_year = '2023' GROUP BY city_name ORDER BY nb_documents DESC LIMIT 5",medium,"[""group_by"", ""order_by"", ""limit"", ""city""]","[""documents""]",True,,Qwen/Qwen2.5-7B-Instruct,2026-03-09T23:46:33.713803+00:00,10
cand_000092,"Quels sont les documents avec des avertissements mais pas d'erreurs en 2024, triés par nombre de pages décroissant ?","SELECT document_id, nb_pages FROM documents WHERE document_year = '2024' AND warning_message IS NOT NULL AND error_message IS NULL ORDER BY nb_pages DESC",medium,"[""filter"", ""order_by"", ""warning"", ""error""]","[""documents""]",True,,Qwen/Qwen2.5-7B-Instruct,2026-03-09T23:46:33.714391+00:00,10
cand_000093,"Quel est le total des valeurs du champ D001 pour les documents en 2023, en excluant les documents avec erreurs ?",SELECT SUM(CAST(value AS REAL)) FROM extraction_results WHERE safir_field_id = 'D001' AND document_id IN (SELECT document_id FROM documents WHERE document_year = '2023' AND state_id IN (SELECT state_id FROM states WHERE code = 'SUCCESS')),medium,"[""sum"", ""filter"", ""field_value"", ""state""]","[""extraction_results"", ""documents"", ""states""]",True,,Qwen/Qwen2.5-7B-Instruct,2026-03-09T23:46:33.714947+00:00,10
cand_000094,Quels sont les documents avec des avertissements sur les sections annexes en 2023 ?,SELECT document_id FROM documents WHERE document_year = '2023' AND warning_message LIKE '%sections annexes%',medium,"[""filter"", ""text_search"", ""warning""]","[""documents""]",True,,Qwen/Qwen2.5-7B-Instruct,2026-03-09T23:46:33.715508+00:00,10
cand_000095,"Quelle est la distribution des types de budget (BP/BA) en 2024, regroupée par commune ?","SELECT city_name, budget_type, COUNT(*) AS nb_documents FROM documents WHERE document_year = '2024' GROUP BY city_name, budget_type",medium,"[""group_by"", ""distribution"", ""budget_type"", ""city""]","[""documents""]",True,,Qwen/Qwen2.5-7B-Instruct,2026-03-09T23:46:33.716091+00:00,10
cand_000096,Quels sont les documents en 2024 avec des erreurs d'extraction dans les champs de dépenses et un nombre de pages supérieur à 100 ?,"SELECT document_id, nb_pages FROM documents WHERE document_year = '2024' AND document_id IN (SELECT document_id FROM extraction_results WHERE safir_field_id IN ('Depenses', 'D001') AND message_error IS NOT NULL) AND nb_pages > 100",hard,"[""filter"", ""join"", ""error"", ""field_value""]","[""documents"", ""extraction_results""]",True,,Qwen/Qwen2.5-7B-Instruct,2026-03-09T23:46:33.716671+00:00,10
cand_000097,Quelle est la commune avec le plus de documents en 2023 ayant un état de succès ?,SELECT city_name FROM documents WHERE document_year = '2023' AND state_id IN (SELECT state_id FROM states WHERE code = 'SUCCESS') GROUP BY city_name ORDER BY COUNT(*) DESC LIMIT 1,medium,"[""group_by"", ""order_by"", ""limit"", ""city""]","[""documents"", ""states""]",True,,Qwen/Qwen2.5-7B-Instruct,2026-03-09T23:46:33.717258+00:00,10
cand_000098,"Quelle est la distribution des formats de documents (pdf, scan, image) en 2023 ?","SELECT format, COUNT(*) AS count FROM documents WHERE document_year = '2023' GROUP BY format",easy,"[""format_distribution"", ""document_stats""]","[""documents""]",True,,Qwen/Qwen2.5-7B-Instruct,2026-03-09T23:48:06.058000+00:00,12
cand_000099,"Quel est le total des valeurs du champ D002 pour les documents en 2024, en excluant les documents avec erreurs ?",SELECT SUM(CAST(value AS REAL)) FROM extraction_results WHERE safir_field_id = 'D002' AND document_id IN (SELECT document_id FROM documents WHERE document_year = '2024' AND state_id IN (SELECT state_id FROM states WHERE code = 'SUCCESS')),hard,"[""field_value"", ""error_exclusion""]","[""extraction_results"", ""documents"", ""states""]",True,,Qwen/Qwen2.5-7B-Instruct,2026-03-09T23:48:06.058000+00:00,12
cand_000100,Quels sont les documents en 2023 avec des erreurs d'extraction dans les champs de recettes ?,SELECT document_id FROM documents WHERE document_year = '2023' AND error_message LIKE '%recettes%';,medium,"[""error_analysis"", ""yearly_analysis"", ""financial_field""]","[""documents""]",True,,Qwen/Qwen2.5-7B-Instruct,2026-03-09T23:48:58.930886+00:00,13
cand_000101,Quel est le nombre de documents avec des erreurs liées à la dette en 2023 et un nombre de pages supérieur à 100 ?,SELECT COUNT(*) FROM documents WHERE document_year = '2023' AND error_message LIKE '%dette%' AND nb_pages > 100;,medium,"[""error_analysis"", ""page_count"", ""yearly_analysis""]","[""documents""]",True,,Qwen/Qwen2.5-7B-Instruct,2026-03-09T23:48:58.930886+00:00,13
cand_000102,Quels sont les 5 communes avec le plus de documents en 2024 ayant un état de succès ?,"SELECT city_name, COUNT(*) AS nb_docs FROM documents WHERE document_year = '2024' AND state_id IN (SELECT state_id FROM states WHERE code = 'SUCCESS') GROUP BY city_name ORDER BY nb_docs DESC LIMIT 5",medium,"[""municipal_analysis"", ""document_distribution""]","[""documents"", ""states""]",True,,Qwen/Qwen2.5-7B-Instruct,2026-03-09T23:49:52.245772+00:00,14
cand_000103,Quel est le nombre de documents avec des erreurs liées à la dette en 2024 et un nombre de pages supérieur à 200 ?,SELECT COUNT(*) FROM documents WHERE document_year = '2024' AND error_message LIKE '%dette%' AND nb_pages > 200 AND state_id IN (SELECT state_id FROM states WHERE code = 'ERROR'),hard,"[""error_analysis"", ""page_filtering""]","[""documents"", ""states""]",True,,Qwen/Qwen2.5-7B-Instruct,2026-03-09T23:49:52.245772+00:00,14
cand_000104,Quel est le taux de documents en erreur en 2023 par commune ?,"SELECT d.city_name, COUNT(*) * 100.0 / (SELECT COUNT(*) FROM documents WHERE document_year = '2023') AS error_rate FROM documents d WHERE d.document_year = '2023' AND d.state_id IN (SELECT state_id FROM states WHERE code IN ('ERROR', 'REJECTED')) GROUP BY d.city_name ORDER BY error_rate DESC;",medium,"[""error_rate"", ""commune"", ""year""]","[""documents"", ""states""]",True,,Qwen/Qwen2.5-7B-Instruct,2026-03-09T23:51:37.811409+00:00,16
cand_000105,Quel est le nombre moyen de pages par document en 2024 pour les documents en format scan ?,SELECT AVG(nb_pages) AS avg_pages FROM documents WHERE document_year = '2024' AND format = 'scan';,easy,"[""average"", ""pages"", ""format""]","[""documents""]",True,,Qwen/Qwen2.5-7B-Instruct,2026-03-09T23:51:37.811409+00:00,16
cand_000106,Quelles sont les 5 communes avec le plus de documents en 2023 ayant un état de succès ?,"SELECT city_name, COUNT(*) AS success_count FROM documents WHERE document_year = '2023' AND state_id IN (SELECT state_id FROM states WHERE code = 'SUCCESS') GROUP BY city_name ORDER BY success_count DESC LIMIT 5;",medium,"[""top_communes"", ""success"", ""year""]","[""documents"", ""states""]",True,,Qwen/Qwen2.5-7B-Instruct,2026-03-09T23:51:37.811409+00:00,16
cand_000107,"Quelle est la distribution des formats de documents (pdf, scan, image) en 2024 ?","SELECT format, COUNT(*) AS format_count FROM documents WHERE document_year = '2024' GROUP BY format;",easy,"[""distribution"", ""format"", ""year""]","[""documents""]",True,,Qwen/Qwen2.5-7B-Instruct,2026-03-09T23:51:37.811409+00:00,16
cand_000108,"Quelle est la valeur moyenne du champ D001 pour les documents en 2024, regroupée par commune et type de budget ?","SELECT d.city_name, d.budget_type, AVG(CAST(er.value AS REAL)) AS avg_value FROM documents d JOIN extraction_results er ON d.document_id = er.document_id WHERE d.document_year = '2024' AND er.safir_field_id = 'D001' GROUP BY d.city_name, d.budget_type",medium,"[""financial_aggregates"", ""field_analysis""]","[""documents"", ""extraction_results""]",True,,Qwen/Qwen2.5-7B-Instruct,2026-03-09T23:52:33.612078+00:00,17
cand_000109,"Quels sont les documents en 2023 avec des erreurs dans les champs de recettes, un nombre de pages supérieur à 200 et un état de succès ?","SELECT d.document_id, d.city_name, d.nb_pages FROM documents d JOIN extraction_results er ON d.document_id = er.document_id WHERE d.document_year = '2023' AND d.state_id IN (SELECT state_id FROM states WHERE code = 'SUCCESS') AND er.safir_field_id IN ('Conso', 'Recettes') AND er.message_error IS NOT NULL AND d.nb_pages > 200",hard,"[""anomaly_detection"", ""error_analysis""]","[""documents"", ""extraction_results"", ""states""]",True,,Qwen/Qwen2.5-7B-Instruct,2026-03-09T23:52:33.613595+00:00,17
cand_000110,Quel est le nombre moyen de pages par document en 2023 pour les documents en format scan ?,SELECT AVG(nb_pages) AS avg_pages FROM documents WHERE document_year = '2023' AND format = 'scan',easy,"[""document_stats"", ""format_analysis""]","[""documents""]",True,,Qwen/Qwen2.5-7B-Instruct,2026-03-09T23:52:33.614291+00:00,17
cand_000111,"Quels sont les documents en 2024 avec des avertissements mais pas d'erreurs, triés par nombre de pages décroissant ?","SELECT d.document_id, d.nb_pages FROM documents d WHERE d.document_year = '2024' AND d.warning_message IS NOT NULL AND d.error_message IS NULL ORDER BY d.nb_pages DESC",medium,"[""warning_analysis"", ""document_status""]","[""documents""]",True,,Qwen/Qwen2.5-7B-Instruct,2026-03-09T23:52:33.614291+00:00,17
cand_000112,"Quelle est la distribution des types de budget (BP/BA) en 2023, regroupée par commune ?","SELECT city_name, budget_type, COUNT(*) AS count FROM documents WHERE document_year = '2023' GROUP BY city_name, budget_type",medium,"[""budget_type"", ""commune_analysis""]","[""documents""]",True,,Qwen/Qwen2.5-7B-Instruct,2026-03-09T23:52:33.614291+00:00,17
cand_000113,"Quel est le total des valeurs du champ D002 pour les documents en 2024, en excluant les documents avec erreurs, regroupé par commune ?","SELECT d.city_name, SUM(CAST(er.value AS REAL)) AS total FROM documents d JOIN extraction_results er ON d.document_id = er.document_id WHERE d.document_year = '2024' AND er.safir_field_id = 'D002' AND d.state_id IN (SELECT state_id FROM states WHERE code = 'SUCCESS') GROUP BY d.city_name",hard,"[""financial_aggregates"", ""commune_analysis""]","[""documents"", ""extraction_results"", ""states""]",True,,Qwen/Qwen2.5-7B-Instruct,2026-03-09T23:52:33.614291+00:00,17
cand_000114,Quels sont les documents en 2023 avec des erreurs dans les champs de recettes et un nombre de pages supérieur à 100 ?,"SELECT d.document_id, d.nb_pages FROM documents d JOIN extraction_results er ON d.document_id = er.document_id WHERE d.document_year = '2023' AND er.safir_field_id IN ('Recettes', 'Conso') AND er.message_error IS NOT NULL AND d.nb_pages > 100",hard,"[""error_analysis"", ""revenue_fields""]","[""documents"", ""extraction_results""]",True,,Qwen/Qwen2.5-7B-Instruct,2026-03-09T23:52:33.616306+00:00,17
cand_000115,"Quelle est la valeur moyenne du champ D001 pour les documents en 2024, regroupée par type de budget ?","SELECT er.safir_field_id, d.budget_type, AVG(CAST(er.value AS REAL)) AS avg_value FROM extraction_results er JOIN documents d ON er.document_id = d.document_id WHERE er.safir_field_id = 'D001' AND d.document_year = '2024' AND d.state_id IN (SELECT state_id FROM states WHERE code = 'SUCCESS') GROUP BY er.safir_field_id, d.budget_type;",medium,"[""financial_analysis"", ""budget_structure"", ""aggregation""]","[""extraction_results"", ""documents"", ""states""]",True,,Qwen/Qwen2.5-7B-Instruct,2026-03-09T23:54:30.898971+00:00,19
cand_000116,Quels sont les documents en 2024 avec des erreurs liées à la dette et un nombre de pages supérieur à 200 ?,SELECT d.* FROM documents d WHERE d.document_year = '2024' AND d.error_message LIKE '%dette%' AND d.nb_pages > 200;,medium,"[""financial_analysis"", ""error_analysis"", ""document_filtering""]","[""documents""]",True,,Qwen/Qwen2.5-7B-Instruct,2026-03-09T23:54:30.903468+00:00,19
cand_000117,Quelle est la répartition des types de budget (BP/BA) en 2024 ?,"SELECT budget_type, COUNT(*) FROM documents WHERE document_year = '2024' GROUP BY budget_type",easy,"[""budget_analysis"", ""document_stats""]","[""documents""]",True,,Qwen/Qwen2.5-7B-Instruct,2026-03-09T23:55:25.682104+00:00,20
cand_000118,Quel est le nombre total de documents en 2023 avec un état de succès et un budget type BP ?,SELECT COUNT(*) FROM documents WHERE document_year = '2023' AND budget_type = 'BP' AND state_id IN (SELECT state_id FROM states WHERE code = 'SUCCESS'),medium,"[""budget_analysis"", ""state_analysis""]","[""documents"", ""states""]",True,,Qwen/Qwen2.5-7B-Instruct,2026-03-09T23:55:25.682104+00:00,20
cand_000119,"Quels sont les documents en 2024 avec des erreurs d'extraction dans les champs de dépenses, triés par nombre de pages décroissant ?","SELECT d.* FROM documents d JOIN extraction_results er ON d.document_id = er.document_id WHERE d.document_year = '2024' AND er.safir_field_id IN ('D001', 'D002') AND er.message_error IS NOT NULL ORDER BY d.nb_pages DESC",medium,"[""error_analysis"", ""financial_fields""]","[""documents"", ""extraction_results""]",True,,Qwen/Qwen2.5-7B-Instruct,2026-03-09T23:55:25.682104+00:00,20
cand_000120,Quels sont les documents en 2023 avec des avertissements sur les sections annexes et un budget type BA ?,SELECT * FROM documents WHERE document_year = '2023' AND warning_message LIKE '%sections annexes%' AND budget_type = 'BA',medium,"[""warning_analysis"", ""budget_filter""]","[""documents""]",True,,Qwen/Qwen2.5-7B-Instruct,2026-03-09T23:56:12.116766+00:00,21
cand_000121,"Quel est le nombre de documents avec des erreurs liées à la dette en 2023, regroupé par commune ?","SELECT city_name, COUNT(*) AS count FROM documents WHERE document_year = '2023' AND error_message LIKE '%dette%' GROUP BY city_name",medium,"[""error_analysis"", ""city_comparison""]","[""documents""]",True,,Qwen/Qwen2.5-7B-Instruct,2026-03-09T23:56:12.116766+00:00,21
cand_000122,Quels sont les 5 communes avec le plus de documents en 2023 ayant un état de succès ?,"SELECT city_name, COUNT(*) AS count FROM documents WHERE document_year = '2023' AND state_id = (SELECT state_id FROM states WHERE code = 'SUCCESS') GROUP BY city_name ORDER BY count DESC LIMIT 5",medium,"[""top_communes"", ""year_filter"", ""state_filter"", ""grouping""]","[""documents"", ""states""]",True,,Qwen/Qwen2.5-7B-Instruct,2026-03-09T23:56:58.354011+00:00,22
cand_000123,"Quels sont les documents en 2024 avec des erreurs liées à la dette, regroupés par commune ?","SELECT city_name, COUNT(*) AS error_count FROM documents WHERE document_year = '2024' AND error_message LIKE '%dette%' GROUP BY city_name ORDER BY error_count DESC",hard,"[""error_analysis"", ""debt_filter"", ""commune_grouping""]","[""documents""]",True,,Qwen/Qwen2.5-7B-Instruct,2026-03-09T23:56:58.354011+00:00,22
cand_000124,Quel est le taux de documents en erreur en 2024 par commune ?,"SELECT d.city_name, COUNT(*) * 100.0 / (SELECT COUNT(*) FROM documents WHERE document_year = '2024') AS error_rate_percentage FROM documents d WHERE d.document_year = '2024' AND d.state_id IN (SELECT state_id FROM states WHERE code IN ('ERROR', 'REJECTED')) GROUP BY d.city_name ORDER BY error_rate_percentage DESC;",medium,"[""financial_analysis"", ""error_rate"", ""commune""]","[""documents"", ""states""]",True,,Qwen/Qwen2.5-7B-Instruct,2026-03-09T23:57:48.539466+00:00,23
cand_000125,Quels sont les documents en 2024 avec des avertissements sur les sections annexes ?,SELECT d.document_id FROM documents d WHERE d.document_year = '2024' AND d.warning_message LIKE '%sections annexes%';,medium,"[""financial_analysis"", ""warning_check"", ""sections""]","[""documents""]",True,,Qwen/Qwen2.5-7B-Instruct,2026-03-09T23:57:48.542405+00:00,23
cand_000126,Quel est le nombre de documents en 2024 avec un état de succès et un budget type BP ?,SELECT COUNT(*) FROM documents WHERE document_year = '2024' AND state_id IN (SELECT state_id FROM states WHERE code = 'SUCCESS') AND budget_type = 'BP';,easy,"[""count"", ""filter"", ""state"", ""budget_type""]","[""documents"", ""states""]",True,,Qwen/Qwen2.5-7B-Instruct,2026-03-09T23:58:40.855295+00:00,24
cand_000127,Quels sont les documents en 2024 avec des erreurs d'extraction dans les champs de recettes et un nombre de pages supérieur à 100 ?,"SELECT d.document_id, d.city_name, d.nb_pages FROM documents d WHERE d.document_year = '2024' AND d.state_id IN (SELECT state_id FROM states WHERE code = 'ERROR') AND d.nb_pages > 100 AND d.warning_message LIKE '%recettes%';",hard,"[""filter"", ""error"", ""pages"", ""text_search""]","[""documents"", ""states""]",True,,Qwen/Qwen2.5-7B-Instruct,2026-03-09T23:58:40.856294+00:00,24
cand_000128,"Quel est le total des valeurs du champ D001 pour les documents en 2023, en excluant les documents avec erreurs, regroupé par commune ?","SELECT d.city_name, SUM(CAST(r.value AS REAL)) AS total FROM documents d JOIN extraction_results r ON d.document_id = r.document_id WHERE d.document_year = '2023' AND d.state_id IN (SELECT state_id FROM states WHERE code = 'SUCCESS') AND r.safir_field_id = 'D001' GROUP BY d.city_name;",medium,"[""sum"", ""group_by"", ""field"", ""state""]","[""documents"", ""extraction_results"", ""states""]",True,,Qwen/Qwen2.5-7B-Instruct,2026-03-09T23:58:40.857909+00:00,24
cand_000129,"Quelle est la valeur moyenne du champ D002 pour les documents en 2024, regroupée par type de budget (BP/BA) ?","SELECT d.budget_type, AVG(CAST(er.value AS REAL)) AS avg_D002 FROM documents d JOIN extraction_results er ON d.document_id = er.document_id WHERE d.document_year = '2024' AND er.safir_field_id = 'D002' GROUP BY d.budget_type",medium,"[""financial_aggregation"", ""budget_type_analysis"", ""average_calculation""]","[""documents"", ""extraction_results""]",True,,Qwen/Qwen2.5-7B-Instruct,2026-03-10T00:00:36.397149+00:00,26
cand_000130,"Quels sont les documents en 2024 avec des erreurs d'extraction dans les champs de recettes, triés par nombre de pages décroissant ?","SELECT d.document_id, d.nb_pages FROM documents d JOIN extraction_results er ON d.document_id = er.document_id JOIN states s ON d.state_id = s.state_id WHERE d.document_year = '2024' AND s.code = 'ERROR' AND er.safir_field_id IN ('Conso', 'Recettes') ORDER BY d.nb_pages DESC",hard,"[""error_analysis"", ""revenue_fields"", ""page_sorting""]","[""documents"", ""extraction_results"", ""states""]",True,,Qwen/Qwen2.5-7B-Instruct,2026-03-10T00:00:36.398149+00:00,26
cand_000131,Quels sont les documents en 2023 avec des erreurs liées à la dette et un nombre de pages supérieur à 100 ?,"SELECT d.document_id, d.city_name, d.nb_pages FROM documents d WHERE d.document_year = '2023' AND (d.error_message LIKE '%dette%' OR d.warning_message LIKE '%dette%') AND d.nb_pages > 100",medium,"[""error_filter"", ""debt_analysis"", ""page_filter""]","[""documents""]",True,,Qwen/Qwen2.5-7B-Instruct,2026-03-10T00:01:29.444797+00:00,27
cand_000132,"Quelle est la valeur moyenne du champ D001 pour les documents en 2024, regroupée par type de budget (BP/BA) ?","SELECT d.budget_type, AVG(CAST(er.value AS REAL)) AS avg_value FROM documents d JOIN extraction_results er ON d.document_id = er.document_id WHERE d.document_year = '2024' AND er.safir_field_id = 'D001' AND d.state_id IN (SELECT state_id FROM states WHERE code = 'SUCCESS') GROUP BY d.budget_type",medium,"[""average_calculation"", ""budget_type"", ""field_filter""]","[""documents"", ""extraction_results"", ""states""]",True,,Qwen/Qwen2.5-7B-Instruct,2026-03-10T00:01:29.447446+00:00,27
cand_000133,Quel est le nombre de documents en format scan en 2024 avec un état de succès ?,SELECT COUNT(*) FROM documents WHERE document_year = '2024' AND format = 'scan' AND state_id IN (SELECT state_id FROM states WHERE code = 'SUCCESS'),easy,"[""document_analysis"", ""format_filter""]","[""documents"", ""states""]",True,,Qwen/Qwen2.5-7B-Instruct,2026-03-10T00:02:34.418671+00:00,28
cand_000134,Quel est le total des dépenses de fonctionnement pour les communes en 2024 ?,SELECT SUM(CAST(value AS REAL)) AS total_depenses FROM extraction_results JOIN documents ON extraction_results.document_id = documents.document_id WHERE safir_field_id = 'Conso' AND documents.document_year = '2024' AND documents.state_id IN (SELECT state_id FROM states WHERE code = 'SUCCESS'),medium,"[""financial_aggregation"", ""expense_analysis""]","[""extraction_results"", ""documents"", ""states""]",True,,Qwen/Qwen2.5-7B-Instruct,2026-03-10T00:02:34.420690+00:00,28
cand_000135,"Quel est le taux de documents en erreur en 2023, regroupé par type de budget (BP/BA) ?","SELECT budget_type, COUNT(*) * 100.0 / (SELECT COUNT(*) FROM documents WHERE document_year = '2023') AS error_rate FROM documents WHERE document_year = '2023' AND state_id IN (SELECT state_id FROM states WHERE code = 'ERROR') GROUP BY budget_type",medium,"[""error_rate"", ""budget_type""]","[""documents"", ""states""]",True,,Qwen/Qwen2.5-7B-Instruct,2026-03-10T00:02:34.420690+00:00,28
cand_000136,"Quel est le total des valeurs du champ D002 pour les documents en 2023, regroupé par type de budget (BP/BA) ?","SELECT documents.budget_type, SUM(CAST(extraction_results.value AS REAL)) AS total FROM extraction_results JOIN documents ON extraction_results.document_id = documents.document_id WHERE safir_field_id = 'D002' AND documents.document_year = '2023' AND documents.state_id IN (SELECT state_id FROM states WHERE code = 'SUCCESS') GROUP BY documents.budget_type",medium,"[""financial_aggregation"", ""budget_type""]","[""extraction_results"", ""documents"", ""states""]",True,,Qwen/Qwen2.5-7B-Instruct,2026-03-10T00:02:34.420690+00:00,28
cand_000137,"Quel est le total des dépenses de fonctionnement pour les communes en 2023, excluant les documents avec erreurs ?",SELECT SUM(CAST(value AS REAL)) AS total_depenses FROM extraction_results JOIN documents ON extraction_results.document_id = documents.document_id WHERE safir_field_id = 'Conso' AND documents.document_year = '2023' AND documents.state_id IN (SELECT state_id FROM states WHERE code = 'SUCCESS'),medium,"[""financial_aggregation"", ""expense_analysis""]","[""extraction_results"", ""documents"", ""states""]",True,,Qwen/Qwen2.5-7B-Instruct,2026-03-10T00:02:34.422707+00:00,28
cand_000138,Quel est le nombre de documents avec des avertissements sur les sections annexes en 2024 ?,SELECT COUNT(*) FROM documents WHERE document_year = '2024' AND warning_message LIKE '%sections annexes%' AND state_id IN (SELECT state_id FROM states WHERE code != 'ERROR'),easy,"[""warning_analysis"", ""section_filter""]","[""documents"", ""states""]",True,,Qwen/Qwen2.5-7B-Instruct,2026-03-10T00:02:34.422707+00:00,28
cand_000139,Quel est le nombre de documents en 2023 avec des erreurs d'extraction dans les champs de recettes et un nombre de pages supérieur à 200 ?,SELECT COUNT(*) FROM documents WHERE document_year = '2023' AND error_message LIKE '%recettes%' AND nb_pages > 200 AND state_id IN (SELECT state_id FROM states WHERE code = 'ERROR'),medium,"[""error_analysis"", ""page_filter""]","[""documents"", ""states""]",True,,Qwen/Qwen2.5-7B-Instruct,2026-03-10T00:02:34.422707+00:00,28
cand_000140,"Quel est le total des valeurs du champ DF011 pour les documents en 2024, regroupé par commune ?","SELECT documents.city_name, SUM(CAST(extraction_results.value AS REAL)) AS total FROM extraction_results JOIN documents ON extraction_results.document_id = documents.document_id WHERE safir_field_id = 'DF011' AND documents.document_year = '2024' AND documents.state_id IN (SELECT state_id FROM states WHERE code = 'SUCCESS') GROUP BY documents.city_name",medium,"[""financial_aggregation"", ""city_comparison""]","[""extraction_results"", ""documents"", ""states""]",True,,Qwen/Qwen2.5-7B-Instruct,2026-03-10T00:02:34.422707+00:00,28
cand_000141,Quel est le nombre de documents avec des avertissements sur les sections annexes en 2023 et un budget type BA ?,SELECT COUNT(*) FROM documents WHERE document_year = '2023' AND warning_message LIKE '%sections annexes%' AND budget_type = 'BA' AND state_id IN (SELECT state_id FROM states WHERE code != 'ERROR'),medium,"[""warning_analysis"", ""budget_type""]","[""documents"", ""states""]",True,,Qwen/Qwen2.5-7B-Instruct,2026-03-10T00:02:34.424726+00:00,28
cand_000142,Quel est le nombre total de documents en 2024 ayant un état de succès ?,SELECT COUNT(*) FROM documents WHERE document_year = '2024' AND state_id = (SELECT state_id FROM states WHERE code = 'SUCCESS'),easy,"[""document_count"", ""state_filter"", ""year_filter""]","[""documents"", ""states""]",True,,Qwen/Qwen2.5-7B-Instruct,2026-03-10T00:03:21.470270+00:00,29
cand_000143,Quelle commune a le plus de documents en 2024 avec un budget type BP ?,"SELECT city_name, COUNT(*) AS count FROM documents WHERE document_year = '2024' AND budget_type = 'BP' GROUP BY city_name ORDER BY count DESC LIMIT 1",medium,"[""budget_type"", ""city_analysis"", ""top_ranking""]","[""documents""]",True,,Qwen/Qwen2.5-7B-Instruct,2026-03-10T00:03:21.470270+00:00,29
cand_000144,"Quels sont les documents en 2023 avec des erreurs d'extraction dans les champs de recettes, triés par nombre de pages décroissant ?",SELECT * FROM documents WHERE document_year = '2023' AND error_message LIKE '%recettes%' ORDER BY nb_pages DESC,medium,"[""error_filter"", ""page_count"", ""year_filter""]","[""documents""]",True,,Qwen/Qwen2.5-7B-Instruct,2026-03-10T00:03:21.471507+00:00,29
cand_000145,"Quel est le taux de documents en erreur en 2024, regroupé par type de budget (BP/BA) ?","SELECT d.budget_type, COUNT(*) * 100.0 / (SELECT COUNT(*) FROM documents WHERE document_year = '2024') AS error_rate FROM documents d WHERE d.state_id IN (SELECT state_id FROM states WHERE code IN ('ERROR', 'PARTIAL')) AND d.document_year = '2024' GROUP BY d.budget_type",medium,"[""error_analysis"", ""budget_type_stats""]","[""documents"", ""states""]",True,,Qwen/Qwen2.5-7B-Instruct,2026-03-10T00:04:08.246647+00:00,30
cand_000146,Quels sont les documents en 2023 avec des erreurs d'extraction dans les champs de recettes et un nombre de pages supérieur à 200 ?,"SELECT document_id, city_name, nb_pages FROM documents WHERE document_year = '2023' AND error_message LIKE '%recettes%' AND nb_pages > 200",medium,"[""error_analysis"", ""page_filter""]","[""documents""]",True,,Qwen/Qwen2.5-7B-Instruct,2026-03-10T00:04:08.247367+00:00,30
cand_000147,"Quelle est la moyenne du nombre de pages par document en 2023, regroupée par type de budget (BP/BA) ?","SELECT budget_type, AVG(nb_pages) AS avg_pages FROM documents WHERE document_year = '2023' GROUP BY budget_type",medium,"[""budget_trends"", ""document_analysis""]","[""documents""]",True,,Qwen/Qwen2.5-7B-Instruct,2026-03-10T00:05:54.793593+00:00,32
cand_000148,"Quelles sont les 5 communes avec le plus haut total des valeurs du champ D002 en 2024, excluant les documents avec erreurs ou avertissements ?","SELECT d.city_name, SUM(CAST(r.value AS REAL)) AS total_d002 FROM documents d JOIN extraction_results r ON d.document_id = r.document_id WHERE d.document_year = '2024' AND r.safir_field_id = 'D002' AND d.state_id IN (SELECT state_id FROM states WHERE code = 'SUCCESS') GROUP BY d.city_name ORDER BY total_d002 DESC LIMIT 5",hard,"[""financial_aggregates"", ""error_filtering""]","[""documents"", ""extraction_results"", ""states""]",True,,Qwen/Qwen2.5-7B-Instruct,2026-03-10T00:05:54.793593+00:00,32
cand_000149,Quels sont les documents en 2024 avec des avertissements sur les sections annexes et un budget type BA ?,"SELECT d.document_id, d.city_name FROM documents d WHERE d.document_year = '2024' AND d.budget_type = 'BA' AND d.warning_message LIKE '%sections annexes%'",easy,"[""warning_analysis"", ""budget_type""]","[""documents""]",True,,Qwen/Qwen2.5-7B-Instruct,2026-03-10T00:05:54.793593+00:00,32
cand_000150,"Quelle est la valeur moyenne du champ DF011 pour les documents en 2024, regroupée par commune ?","SELECT d.city_name, AVG(CAST(r.value AS REAL)) AS avg_df011 FROM documents d JOIN extraction_results r ON d.document_id = r.document_id WHERE d.document_year = '2024' AND r.safir_field_id = 'DF011' GROUP BY d.city_name",medium,"[""financial_aggregates"", ""field_analysis""]","[""documents"", ""extraction_results""]",True,,Qwen/Qwen2.5-7B-Instruct,2026-03-10T00:05:54.793593+00:00,32
cand_000151,"Quel est le total des dépenses de fonctionnement pour les communes en 2024, excluant les documents avec erreurs ?",SELECT SUM(CAST(r.value AS REAL)) AS total_functional_expenses FROM documents d JOIN extraction_results r ON d.document_id = r.document_id WHERE d.document_year = '2024' AND r.safir_field_id = 'Conso' AND d.state_id IN (SELECT state_id FROM states WHERE code = 'SUCCESS'),hard,"[""expense_analysis"", ""error_filtering""]","[""documents"", ""extraction_results"", ""states""]",True,,Qwen/Qwen2.5-7B-Instruct,2026-03-10T00:05:54.793593+00:00,32
cand_000152,"Quel est le total des valeurs du champ D001 pour les documents en 2024, regroupé par commune et type de budget ?","SELECT d.city_name, d.budget_type, SUM(CAST(er.value AS REAL)) AS total FROM documents d JOIN extraction_results er ON d.document_id = er.document_id WHERE d.document_year = '2024' AND er.safir_field_id = 'D001' GROUP BY d.city_name, d.budget_type",hard,"[""sum"", ""join"", ""group_by"", ""cast""]","[""documents"", ""extraction_results""]",True,,Qwen/Qwen2.5-7B-Instruct,2026-03-10T00:06:46.157957+00:00,33
cand_000153,"Quels sont les documents en 2023 avec des erreurs dans les champs de recettes, triés par nombre de pages décroissant ?","SELECT d.document_id, d.nb_pages FROM documents d WHERE d.document_year = '2023' AND d.error_message LIKE '%recettes%' ORDER BY d.nb_pages DESC",medium,"[""filter"", ""text_search"", ""order_by""]","[""documents""]",True,,Qwen/Qwen2.5-7B-Instruct,2026-03-10T00:06:46.160108+00:00,33
cand_000154,"Quels sont les documents en 2024 avec des erreurs liées à la dette et un nombre de pages supérieur à 200, triés par nombre de pages décroissant ?","SELECT d.document_id, d.nb_pages FROM documents d WHERE d.document_year = '2024' AND d.error_message LIKE '%dette%' AND d.nb_pages > 200 ORDER BY d.nb_pages DESC",hard,"[""error_filter"", ""page_filter"", ""text_search""]","[""documents""]",True,,Qwen/Qwen2.5-7B-Instruct,2026-03-10T00:08:29.563946+00:00,35
cand_000155,"Quelle est la moyenne du nombre de pages des documents en 2023, regroupée par type de budget (BP/BA) ?","SELECT budget_type, AVG(nb_pages) FROM documents WHERE document_year = '2023' GROUP BY budget_type",medium,"[""aggregation"", ""budget_type"", ""year_filter""]","[""documents""]",True,,Qwen/Qwen2.5-7B-Instruct,2026-03-10T00:09:20.729001+00:00,36
cand_000156,"Quels sont les documents en 2024 où la somme des recettes de fonctionnement est différente de la somme des dépenses de fonctionnement, avec un état de succès ?","SELECT d.document_id FROM documents d JOIN extraction_results r ON d.document_id = r.document_id WHERE d.document_year = '2024' AND d.state_id IN (SELECT state_id FROM states WHERE code = 'SUCCESS') AND r.safir_field_id IN ('RecettesFonctionnement', 'DepensesFonctionnement') GROUP BY d.document_id HAVING SUM(CASE WHEN r.safir_field_id = 'RecettesFonctionnement' THEN CAST(r.value AS REAL) ELSE 0 END) != SUM(CASE WHEN r.safir_field_id = 'DepensesFonctionnement' THEN CAST(r.value AS REAL) ELSE 0 END)",hard,"[""anomaly_detection"", ""financial_discrepancy"", ""join""]","[""documents"", ""extraction_results"", ""states""]",True,,Qwen/Qwen2.5-7B-Instruct,2026-03-10T00:09:20.729001+00:00,36
cand_000157,"Quelle commune a le plus haut total des valeurs du champ D002 en 2024, excluant les documents avec erreurs ou avertissements ?","SELECT d.city_name, SUM(CAST(r.value AS REAL)) AS total_D002 FROM documents d JOIN extraction_results r ON d.document_id = r.document_id WHERE d.document_year = '2024' AND r.safir_field_id = 'D002' AND d.state_id IN (SELECT state_id FROM states WHERE code = 'SUCCESS') GROUP BY d.city_name ORDER BY total_D002 DESC LIMIT 1",hard,"[""top_commune"", ""financial_aggregation"", ""error_exclusion""]","[""documents"", ""extraction_results"", ""states""]",True,,Qwen/Qwen2.5-7B-Instruct,2026-03-10T00:09:20.729001+00:00,36
cand_000158,"Quels sont les 5 communes avec le plus haut total des valeurs du champ D002 en 2024, excluant les documents avec erreurs ou avertissements ?","SELECT d.city_name, SUM(CAST(er.value AS REAL)) AS total_d002 FROM documents d JOIN extraction_results er ON d.document_id = er.document_id WHERE d.document_year = '2024' AND er.safir_field_id = 'D002' AND d.state_id = (SELECT state_id FROM states WHERE code = 'SUCCESS') GROUP BY d.city_name ORDER BY total_d002 DESC LIMIT 5",medium,"[""sum"", ""group_by"", ""filter"", ""city""]","[""documents"", ""extraction_results"", ""states""]",True,,Qwen/Qwen2.5-7B-Instruct,2026-03-10T00:10:14.852070+00:00,37
cand_000159,Quels sont les documents en 2023 avec des erreurs liées à la dette et un nombre de pages supérieur à 200 ?,SELECT d.* FROM documents d WHERE d.document_year = '2023' AND d.state_id = (SELECT state_id FROM states WHERE code = 'ERROR') AND d.error_message LIKE '%dette%' AND d.nb_pages > 200,medium,"[""filter"", ""error"", ""page_count"", ""year""]","[""documents"", ""states""]",True,,Qwen/Qwen2.5-7B-Instruct,2026-03-10T00:10:14.853071+00:00,37
cand_000160,Quel est le nombre de documents en format scan en 2023 avec un état de succès ?,SELECT COUNT(*) FROM documents WHERE document_year = '2023' AND format = 'scan' AND state_id = (SELECT state_id FROM states WHERE code = 'SUCCESS'),easy,"[""count"", ""filter"", ""format"", ""state""]","[""documents"", ""states""]",True,,Qwen/Qwen2.5-7B-Instruct,2026-03-10T00:10:14.853071+00:00,37
cand_000161,"Quels sont les documents en 2024 avec des avertissements sur les sections annexes, triés par nombre de pages décroissant ?",SELECT d.* FROM documents d JOIN sections s ON d.document_id = s.document_id WHERE d.document_year = '2024' AND s.section_value LIKE '%annexes%' ORDER BY d.nb_pages DESC,medium,"[""join"", ""filter"", ""order_by"", ""section""]","[""documents"", ""sections""]",True,,Qwen/Qwen2.5-7B-Instruct,2026-03-10T00:10:14.853071+00:00,37
cand_000162,"Quel est le nombre moyen de pages par document en 2024, regroupé par type de budget (BP/BA) ?","SELECT budget_type, AVG(nb_pages) AS avg_pages FROM documents WHERE document_year = '2024' GROUP BY budget_type",easy,"[""document_stats"", ""budget_analysis""]","[""documents""]",True,,Qwen/Qwen2.5-7B-Instruct,2026-03-10T00:11:11.703706+00:00,38
cand_000163,"Quel est le total des valeurs du champ D002 pour les documents en 2024, regroupé par commune ?","SELECT d.city_name, SUM(CAST(er.value AS REAL)) AS total_D002 FROM documents d JOIN extraction_results er ON d.document_id = er.document_id WHERE d.document_year = '2024' AND er.safir_field_id = 'D002' GROUP BY d.city_name",medium,"[""field_analysis"", ""commune_analysis""]","[""documents"", ""extraction_results""]",True,,Qwen/Qwen2.5-7B-Instruct,2026-03-10T00:11:11.703706+00:00,38
cand_000164,"Quelle commune a le plus haut total des valeurs du champ DF011 en 2024, excluant les documents avec erreurs ou avertissements ?","SELECT d.city_name, SUM(CAST(er.value AS REAL)) AS total_DF011 FROM documents d JOIN extraction_results er ON d.document_id = er.document_id WHERE d.document_year = '2024' AND er.safir_field_id = 'DF011' AND d.state_id = (SELECT state_id FROM states WHERE code = 'SUCCESS') GROUP BY d.city_name ORDER BY total_DF011 DESC LIMIT 1",hard,"[""field_analysis"", ""commune_analysis""]","[""documents"", ""extraction_results"", ""states""]",True,,Qwen/Qwen2.5-7B-Instruct,2026-03-10T00:11:11.703706+00:00,38
cand_000165,"Quel est le taux de documents en erreur en 2024, regroupé par commune ?","SELECT d.city_name, COUNT(*) * 100.0 / (SELECT COUNT(*) FROM documents WHERE document_year = '2024' AND city_name = d.city_name) AS error_rate FROM documents d WHERE document_year = '2024' AND state_id = (SELECT state_id FROM states WHERE code = 'ERROR') GROUP BY d.city_name",hard,"[""error_checking"", ""commune_analysis""]","[""documents"", ""states""]",True,,Qwen/Qwen2.5-7B-Instruct,2026-03-10T00:11:11.703706+00:00,38
cand_000166,Quelle est la moyenne du nombre de pages par document en 2024 ?,SELECT AVG(nb_pages) FROM documents WHERE document_year = '2024';,easy,"[""statistiques"", ""pages"", ""année""]","[""documents""]",True,,Qwen/Qwen2.5-7B-Instruct,2026-03-10T00:12:12.963742+00:00,39
cand_000167,Quel est le nombre de documents avec des avertissements en 2024 ?,SELECT COUNT(*) FROM documents WHERE warning_message IS NOT NULL AND document_year = '2024';,easy,"[""avertissements"", ""année""]","[""documents""]",True,,Qwen/Qwen2.5-7B-Instruct,2026-03-10T00:12:12.964254+00:00,39
cand_000168,Quelle est la moyenne du nombre de pages pour les documents avec un budget type BP en 2024 ?,SELECT AVG(nb_pages) FROM documents WHERE budget_type = 'BP' AND document_year = '2024';,easy,"[""budget"", ""pages"", ""année""]","[""documents""]",True,,Qwen/Qwen2.5-7B-Instruct,2026-03-10T00:12:12.964619+00:00,39
cand_000169,Quel est le nombre total de documents avec un budget type BA en 2023 ?,SELECT COUNT(*) FROM documents WHERE budget_type = 'BA' AND document_year = '2023';,easy,"[""budget"", ""comptage"", ""année""]","[""documents""]",True,,Qwen/Qwen2.5-7B-Instruct,2026-03-10T00:12:12.965226+00:00,39
cand_000170,Quel est le nombre de documents avec des erreurs liées à la dette en 2023 ?,SELECT COUNT(*) FROM documents WHERE error_message LIKE '%dette%' AND document_year = '2023';,easy,"[""erreurs"", ""dette"", ""année""]","[""documents""]",True,,Qwen/Qwen2.5-7B-Instruct,2026-03-10T00:12:12.965226+00:00,39
cand_000171,"Quelle est la moyenne du champ D001 pour les documents en 2024, regroupée par commune ?","SELECT city_name, AVG(CAST(value AS REAL)) AS avg_d001 FROM documents JOIN extraction_results ON documents.document_id = extraction_results.document_id WHERE safir_field_id = 'D001' AND document_year = '2024' GROUP BY city_name;",medium,"[""champ"", ""commune"", ""année""]","[""documents"", ""extraction_results""]",True,,Qwen/Qwen2.5-7B-Instruct,2026-03-10T00:12:12.965836+00:00,39
cand_000172,Quel est le nombre de documents en 2023 avec à la fois des erreurs et des avertissements ?,SELECT COUNT(*) FROM documents WHERE error_message IS NOT NULL AND warning_message IS NOT NULL AND document_year = '2023';,medium,"[""erreurs"", ""avertissements"", ""année""]","[""documents""]",True,,Qwen/Qwen2.5-7B-Instruct,2026-03-10T00:12:12.966854+00:00,39
cand_000173,Quel est le nombre de documents avec un budget type BA et un état de succès en 2024 ?,SELECT COUNT(*) FROM documents JOIN states ON documents.state_id = states.state_id WHERE budget_type = 'BA' AND states.code = 'SUCCESS' AND document_year = '2024';,medium,"[""budget"", ""état"", ""année""]","[""documents"", ""states""]",True,,Qwen/Qwen2.5-7B-Instruct,2026-03-10T00:12:12.966854+00:00,39
cand_000174,Quel est le nombre de documents avec un masque M57_CA et un état de succès en 2023 ?,SELECT COUNT(*) FROM documents JOIN states ON documents.state_id = states.state_id WHERE mask = 'M57_CA' AND states.code = 'SUCCESS' AND document_year = '2023';,medium,"[""masque"", ""état"", ""année""]","[""documents"", ""states""]",True,,Qwen/Qwen2.5-7B-Instruct,2026-03-10T00:12:12.967880+00:00,39
cand_000175,"Quel est le total des valeurs du champ D002 pour les documents en 2024, excluant les documents avec erreurs ?",SELECT SUM(CAST(value AS REAL)) AS total_d002 FROM documents JOIN extraction_results ON documents.document_id = extraction_results.document_id WHERE safir_field_id = 'D002' AND document_year = '2024' AND error_message IS NULL;,medium,"[""champ"", ""filtre"", ""année""]","[""documents"", ""extraction_results""]",True,,Qwen/Qwen2.5-7B-Instruct,2026-03-10T00:12:12.967880+00:00,39
cand_000176,Quel est le nombre de documents avec un masque M4_CFU et un budget type BP en 2024 ?,SELECT COUNT(*) FROM documents WHERE mask = 'M4_CFU' AND budget_type = 'BP' AND document_year = '2024';,medium,"[""masque"", ""budget"", ""année""]","[""documents""]",True,,Qwen/Qwen2.5-7B-Instruct,2026-03-10T00:12:12.968875+00:00,39
cand_000177,"Quel est le total des valeurs du champ D001 pour les documents en 2024, excluant les documents avec avertissements ou erreurs ?",SELECT SUM(CAST(value AS REAL)) AS total_d001 FROM documents JOIN extraction_results ON documents.document_id = extraction_results.document_id WHERE safir_field_id = 'D001' AND document_year = '2024' AND error_message IS NULL AND warning_message IS NULL;,hard,"[""champ"", ""filtre"", ""année""]","[""documents"", ""extraction_results""]",True,,Qwen/Qwen2.5-7B-Instruct,2026-03-10T00:12:12.969333+00:00,39
cand_000178,Quelle est la moyenne du nombre de pages pour les documents avec un budget type BA et un état de succès en 2023 ?,SELECT AVG(nb_pages) FROM documents JOIN states ON documents.state_id = states.state_id WHERE budget_type = 'BA' AND states.code = 'SUCCESS' AND document_year = '2023';,hard,"[""budget"", ""pages"", ""année""]","[""documents"", ""states""]",True,,Qwen/Qwen2.5-7B-Instruct,2026-03-10T00:12:12.970334+00:00,39
cand_000179,"Quel est le nombre de documents avec un masque M57_CA et un budget type BP en 2024, regroupé par commune ?","SELECT city_name, COUNT(*) AS count FROM documents WHERE mask = 'M57_CA' AND budget_type = 'BP' AND document_year = '2024' GROUP BY city_name;",hard,"[""masque"", ""budget"", ""commune"", ""année""]","[""documents""]",True,,Qwen/Qwen2.5-7B-Instruct,2026-03-10T00:12:12.970334+00:00,39
cand_000180,"Quel est le total des valeurs du champ DF011 pour les documents en 2024, regroupé par type de budget (BP/BA) ?","SELECT budget_type, SUM(CAST(value AS REAL)) AS total_df011 FROM documents JOIN extraction_results ON documents.document_id = extraction_results.document_id WHERE safir_field_id = 'DF011' AND document_year = '2024' GROUP BY budget_type;",hard,"[""champ"", ""budget"", ""année""]","[""documents"", ""extraction_results""]",True,,Qwen/Qwen2.5-7B-Instruct,2026-03-10T00:12:12.971331+00:00,39
cand_000181,"Quel est le nombre de documents avec un masque M57_CA et un état de succès en 2023, regroupé par nombre de pages ?","SELECT nb_pages, COUNT(*) AS count FROM documents JOIN states ON documents.state_id = states.state_id WHERE mask = 'M57_CA' AND states.code = 'SUCCESS' AND document_year = '2023' GROUP BY nb_pages;",hard,"[""masque"", ""état"", ""pages"", ""année""]","[""documents"", ""states""]",True,,Qwen/Qwen2.5-7B-Instruct,2026-03-10T00:12:12.972331+00:00,39
cand_000182,Quel est le nombre de documents en 2023 avec des avertissements liés aux sections annexes et un budget type BP ?,SELECT COUNT(*) FROM documents WHERE document_year = '2023' AND budget_type = 'BP' AND warning_message LIKE '%sections annexes%';,easy,"[""filter"", ""count"", ""year"", ""budget_type""]","[""documents""]",True,,Qwen/Qwen2.5-7B-Instruct,2026-03-10T00:13:13.368319+00:00,40
cand_000183,"Quel est le taux de documents en 2024 avec des erreurs dans les champs de recettes, regroupé par commune ?","SELECT city_name, COUNT(*) * 100.0 / COUNT(*) OVER() AS error_rate FROM documents WHERE document_year = '2024' AND (error_message LIKE '%recettes%' OR warning_message LIKE '%recettes%') GROUP BY city_name;",medium,"[""percent"", ""group_by"", ""filter"", ""year""]","[""documents""]",True,,Qwen/Qwen2.5-7B-Instruct,2026-03-10T00:13:13.369330+00:00,40
cand_000184,"Quel est le nombre de documents en 2023 avec un masque M57_CA et un budget type BP, regroupé par commune ?","SELECT city_name, COUNT(*) FROM documents WHERE document_year = '2023' AND mask = 'M57_CA' AND budget_type = 'BP' GROUP BY city_name;",easy,"[""group_by"", ""filter"", ""year"", ""mask"", ""budget_type""]","[""documents""]",True,,Qwen/Qwen2.5-7B-Instruct,2026-03-10T00:13:13.370341+00:00,40
cand_000185,"Quel est le total des dépenses de fonctionnement pour les communes en 2023, excluant les documents avec erreurs ou avertissements ?",SELECT SUM(CAST(value AS REAL)) FROM extraction_results JOIN documents ON extraction_results.document_id = documents.document_id WHERE documents.document_year = '2023' AND extraction_results.safir_field_id = 'Conso' AND documents.state_id = '055813d3-1ea5-48ae-a59b-60381536adc4';,medium,"[""sum"", ""join"", ""filter"", ""year"", ""field_value""]","[""extraction_results"", ""documents""]",True,,Qwen/Qwen2.5-7B-Instruct,2026-03-10T00:13:13.370341+00:00,40
cand_000186,Quel est le nombre de documents en 2024 contenant la section 'ÉTATS ANNEXÉS' dans leur contenu JSON ?,SELECT COUNT(*) FROM sections JOIN documents ON sections.document_id = documents.document_id WHERE documents.document_year = '2024' AND sections.section_value LIKE '%ÉTATS ANNEXÉS%';,medium,"[""join"", ""filter"", ""year"", ""section_value""]","[""sections"", ""documents""]",True,,Qwen/Qwen2.5-7B-Instruct,2026-03-10T00:13:13.371328+00:00,40
cand_000187,"Quel est le taux de documents en 2023 avec des erreurs liées à la dette, regroupé par type de budget (BP/BA) ?","SELECT budget_type, COUNT(*) * 100.0 / COUNT(*) OVER() AS error_rate FROM documents WHERE document_year = '2023' AND (error_message LIKE '%dette%' OR warning_message LIKE '%dette%') GROUP BY budget_type;",medium,"[""percent"", ""group_by"", ""filter"", ""year"", ""budget_type""]","[""documents""]",True,,Qwen/Qwen2.5-7B-Instruct,2026-03-10T00:13:13.371328+00:00,40
cand_000188,"Quel est le nombre moyen de pages par document en 2023, regroupé par type de budget (BP/BA) et par commune, excluant les documents avec erreurs ?","SELECT city_name, budget_type, AVG(nb_pages) FROM documents WHERE document_year = '2023' AND state_id = '055813d3-1ea5-48ae-a59b-60381536adc4' GROUP BY city_name, budget_type;",hard,"[""avg"", ""group_by"", ""filter"", ""year"", ""budget_type""]","[""documents""]",True,,Qwen/Qwen2.5-7B-Instruct,2026-03-10T00:13:13.372328+00:00,40
cand_000189,"Quel est le nombre de documents en 2023 avec des erreurs d'extraction dans les champs de recettes, triés par nombre de pages décroissant ?","SELECT document_id, nb_pages FROM documents WHERE document_year = '2023' AND (error_message LIKE '%recettes%' OR warning_message LIKE '%recettes%') ORDER BY nb_pages DESC;",medium,"[""filter"", ""order_by"", ""year"", ""field_value""]","[""documents""]",True,,Qwen/Qwen2.5-7B-Instruct,2026-03-10T00:13:13.372328+00:00,40
cand_000190,"Quel est le nombre de documents en 2024 avec des avertissements sur les sections annexes, triés par nombre de pages décroissant ?","SELECT document_id, nb_pages FROM documents WHERE document_year = '2024' AND warning_message LIKE '%sections annexes%' ORDER BY nb_pages DESC;",easy,"[""filter"", ""order_by"", ""year"", ""warning_message""]","[""documents""]",True,,Qwen/Qwen2.5-7B-Instruct,2026-03-10T00:13:13.373325+00:00,40
cand_000191,"Quel est le taux de documents en 2024 avec des erreurs liées à la dette, regroupé par commune ?","SELECT city_name, COUNT(*) * 100.0 / COUNT(*) OVER() AS error_rate FROM documents WHERE document_year = '2024' AND (error_message LIKE '%dette%' OR warning_message LIKE '%dette%') GROUP BY city_name;",medium,"[""percent"", ""group_by"", ""filter"", ""year"", ""city_name""]","[""documents""]",True,,Qwen/Qwen2.5-7B-Instruct,2026-03-10T00:13:13.373325+00:00,40
cand_000192,Quel est le nombre de documents avec un masque M4_CFU et un budget type BA en 2023 ?,SELECT COUNT(*) FROM documents WHERE document_year = '2023' AND mask = 'M4_CFU' AND budget_type = 'BA';,easy,"[""count"", ""filter"", ""year"", ""mask"", ""budget_type""]","[""documents""]",True,,Qwen/Qwen2.5-7B-Instruct,2026-03-10T00:13:13.374314+00:00,40
cand_000193,Quel est le nombre de documents en 2024 avec des avertissements sur les sections annexes et un budget type BA ?,SELECT COUNT(*) FROM documents WHERE document_year = '2024' AND warning_message LIKE '%sections annexes%' AND budget_type = 'BA';,easy,"[""count"", ""filter"", ""year"", ""warning_message"", ""budget_type""]","[""documents""]",True,,Qwen/Qwen2.5-7B-Instruct,2026-03-10T00:13:13.374314+00:00,40
cand_000194,"Quel est le nombre de documents en 2023 avec des erreurs liées à la dette et un nombre de pages supérieur à 200, triés par nombre de pages décroissant ?","SELECT document_id, nb_pages FROM documents WHERE document_year = '2023' AND (error_message LIKE '%dette%' OR warning_message LIKE '%dette%') AND nb_pages > 200 ORDER BY nb_pages DESC;",medium,"[""filter"", ""order_by"", ""year"", ""field_value"", ""numeric_filter""]","[""documents""]",True,,Qwen/Qwen2.5-7B-Instruct,2026-03-10T00:13:13.375334+00:00,40
cand_000195,Quel est le nombre de documents en 2024 avec des erreurs liées à la dette et un budget type BA ?,SELECT COUNT(*) FROM documents WHERE document_year = '2024' AND (error_message LIKE '%dette%' OR warning_message LIKE '%dette%') AND budget_type = 'BA';,easy,"[""count"", ""filter"", ""year"", ""field_value"", ""budget_type""]","[""documents""]",True,,Qwen/Qwen2.5-7B-Instruct,2026-03-10T00:13:13.375334+00:00,40
cand_000196,"Quel est le taux de documents en 2024 avec des erreurs liées à la dette, regroupé par commune et type de budget (BP/BA) ?","SELECT d.city_name, d.budget_type, COUNT(*) * 100.0 / (SELECT COUNT(*) FROM documents WHERE document_year = '2024' AND city_name = d.city_name AND budget_type = d.budget_type) AS error_rate FROM documents d JOIN extraction_results er ON d.document_id = er.document_id WHERE d.document_year = '2024' AND er.message_error LIKE '%dette%' GROUP BY d.city_name, d.budget_type",hard,"[""error_rate"", ""text_search"", ""city_grouping"", ""budget_type_filter"", ""year_filter""]","[""documents"", ""extraction_results""]",True,,Qwen/Qwen2.5-7B-Instruct,2026-03-10T00:14:05.172994+00:00,42
cand_000197,"Quel est le nombre de documents en 2024 avec un état de succès, regroupé par commune ?","SELECT d.city_name, COUNT(*) AS nb_documents
FROM documents d
JOIN states s ON d.state_id = s.state_id
WHERE d.document_year = '2024' AND s.code = 'SUCCESS'
GROUP BY d.city_name;",easy,"[""financial_analysis"", ""document_stats""]","[""documents"", ""states""]",True,,Qwen/Qwen2.5-7B-Instruct,2026-03-10T00:14:27.633016+00:00,43
cand_000198,Quelle est la moyenne du nombre de pages des documents en 2023 avec un budget type BP et un état de succès ?,"SELECT AVG(d.nb_pages) AS avg_pages
FROM documents d
JOIN states s ON d.state_id = s.state_id
WHERE d.document_year = '2023' AND d.budget_type = 'BP' AND s.code = 'SUCCESS';",easy,"[""budget_trends"", ""document_stats""]","[""documents"", ""states""]",True,,Qwen/Qwen2.5-7B-Instruct,2026-03-10T00:14:27.633016+00:00,43
cand_000199,"Quel est le total des valeurs du champ D001 pour les documents en 2024, regroupé par commune et type de budget, excluant les documents avec avertissements ou erreurs ?","SELECT d.city_name, d.budget_type, SUM(CAST(er.value AS REAL)) AS total_D001
FROM documents d
JOIN extraction_results er ON d.document_id = er.document_id
JOIN states s ON d.state_id = s.state_id
WHERE er.safir_field_id = 'D001' AND d.document_year = '2024' AND s.code NOT IN ('ERROR', 'WARNING')
GROUP BY d.city_name, d.budget_type;",medium,"[""financial_aggregates"", ""field_analysis""]","[""documents"", ""extraction_results"", ""states""]",True,,Qwen/Qwen2.5-7B-Instruct,2026-03-10T00:14:27.634020+00:00,43
cand_000200,"Quels sont les documents en 2024 avec des avertissements liés aux sections annexes et un budget type BA, triés par nombre de pages décroissant ?","SELECT d.document_id, d.city_name, d.nb_pages
FROM documents d
WHERE d.document_year = '2024' AND d.budget_type = 'BA' AND d.warning_message LIKE '%sections annexes%'
ORDER BY d.nb_pages DESC;",hard,"[""anomaly_detection"", ""document_filtering""]","[""documents""]",True,,Qwen/Qwen2.5-7B-Instruct,2026-03-10T00:14:27.634020+00:00,43
